protein_id,motif_distance_bin,baseline,spearman,ndcg_5pct,n_rc_classes,evaluation_status
DBP1,0,sequence_hamming,,0.5989405205078143,48,evaluated
DBP1,0,sequence_edit,,0.5989405205078143,48,evaluated
DBP1,0,sequence_kmer3,0.010834650195437336,0.43252363331643984,48,evaluated
DBP1,0,sequence_kmer4,-0.06843969756351187,0.4154907621401227,48,evaluated
DBP1,0,NA-MPNN_structural_ppm,,,0,too_few_or_no_scores
DBP1,0,DeepPBS,,,0,too_few_or_no_scores
DBP1,0,SimpleProteinConditionalBaseline,,,0,too_few_or_no_scores
DBP1,1,sequence_hamming,,0.5080985903552764,712,evaluated
DBP1,1,sequence_edit,,0.5080985903552764,712,evaluated
DBP1,1,sequence_kmer3,0.16885863331468756,0.49744934302522925,712,evaluated
DBP1,1,sequence_kmer4,0.14008991557817338,0.5374205713287359,712,evaluated
DBP1,1,NA-MPNN_structural_ppm,,,0,too_few_or_no_scores
DBP1,1,DeepPBS,,,0,too_few_or_no_scores
DBP1,1,SimpleProteinConditionalBaseline,,,0,too_few_or_no_scores
DBP1,2,sequence_hamming,,0.4845731810642092,3238,evaluated
DBP1,2,sequence_edit,,0.4845731810642092,3238,evaluated
DBP1,2,sequence_kmer3,-0.009245967073947889,0.4684372463567099,3238,evaluated
DBP1,2,sequence_kmer4,-0.05969899421574471,0.4344063894642585,3238,evaluated
DBP1,2,NA-MPNN_structural_ppm,,,0,too_few_or_no_scores
DBP1,2,DeepPBS,,,0,too_few_or_no_scores
DBP1,2,SimpleProteinConditionalBaseline,,,0,too_few_or_no_scores
DBP1,3+,sequence_hamming,-0.06774611346489917,0.4481470365636454,4194,evaluated
DBP1,3+,sequence_edit,-0.062143072121472714,0.4226842393881839,4194,evaluated
DBP1,3+,sequence_kmer3,-0.12802966674243918,0.3546838430831654,4194,evaluated
DBP1,3+,sequence_kmer4,-0.03688162684382481,0.4120785356728087,4194,evaluated
DBP1,3+,NA-MPNN_structural_ppm,,,0,too_few_or_no_scores
DBP1,3+,DeepPBS,,,0,too_few_or_no_scores
DBP1,3+,SimpleProteinConditionalBaseline,,,0,too_few_or_no_scores
DBP3,0,sequence_hamming,,,8,too_few_or_no_scores
DBP3,0,sequence_edit,,,8,too_few_or_no_scores
DBP3,0,sequence_kmer3,,,8,too_few_or_no_scores
DBP3,0,sequence_kmer4,,,8,too_few_or_no_scores
DBP3,0,NA-MPNN_structural_ppm,,,0,too_few_or_no_scores
DBP3,0,DeepPBS,,,0,too_few_or_no_scores
DBP3,0,SimpleProteinConditionalBaseline,,,0,too_few_or_no_scores
DBP3,1,sequence_hamming,,0.8178022539269361,144,evaluated
DBP3,1,sequence_edit,,0.8178022539269361,144,evaluated
DBP3,1,sequence_kmer3,0.13606353934065069,0.4227481898155932,144,evaluated
DBP3,1,sequence_kmer4,0.1702835180234143,0.8178022539269361,144,evaluated
DBP3,1,NA-MPNN_structural_ppm,,,0,too_few_or_no_scores
DBP3,1,DeepPBS,,,0,too_few_or_no_scores
DBP3,1,SimpleProteinConditionalBaseline,,,0,too_few_or_no_scores
DBP3,2,sequence_hamming,,0.4872403790935091,1032,evaluated
DBP3,2,sequence_edit,,0.4872403790935091,1032,evaluated
DBP3,2,sequence_kmer3,0.05922178481061031,0.5873020632021286,1032,evaluated
DBP3,2,sequence_kmer4,0.0578811505730326,0.5964086253916387,1032,evaluated
DBP3,2,NA-MPNN_structural_ppm,,,0,too_few_or_no_scores
DBP3,2,DeepPBS,,,0,too_few_or_no_scores
DBP3,2,SimpleProteinConditionalBaseline,,,0,too_few_or_no_scores
DBP3,3+,sequence_hamming,0.02143406711812702,0.5410465309356507,7008,evaluated
DBP3,3+,sequence_edit,0.017208758288815088,0.4692949993349102,7008,evaluated
DBP3,3+,sequence_kmer3,-0.02472725825311888,0.4968734885968153,7008,evaluated
DBP3,3+,sequence_kmer4,-0.016869547739636493,0.4749171057787213,7008,evaluated
DBP3,3+,NA-MPNN_structural_ppm,,,0,too_few_or_no_scores
DBP3,3+,DeepPBS,,,0,too_few_or_no_scores
DBP3,3+,SimpleProteinConditionalBaseline,,,0,too_few_or_no_scores
DBP35,0,sequence_hamming,,,8,too_few_or_no_scores
DBP35,0,sequence_edit,,,8,too_few_or_no_scores
DBP35,0,sequence_kmer3,,,8,too_few_or_no_scores
DBP35,0,sequence_kmer4,,,8,too_few_or_no_scores
DBP35,0,NA-MPNN_structural_ppm,,,8,too_few_or_no_scores
DBP35,0,DeepPBS,,,0,too_few_or_no_scores
DBP35,0,SimpleProteinConditionalBaseline,,,0,too_few_or_no_scores
DBP35,1,sequence_hamming,,0.6393250606861259,136,evaluated
DBP35,1,sequence_edit,,0.6393250606861259,136,evaluated
DBP35,1,sequence_kmer3,0.344214719700744,0.44639959753769454,136,evaluated
DBP35,1,sequence_kmer4,0.15469655481772737,0.7266916112285334,136,evaluated
DBP35,1,NA-MPNN_structural_ppm,0.30585849911740853,0.924457864455893,136,evaluated
DBP35,1,DeepPBS,,,0,too_few_or_no_scores
DBP35,1,SimpleProteinConditionalBaseline,,,0,too_few_or_no_scores
DBP35,2,sequence_hamming,,0.5365913079360168,928,evaluated
DBP35,2,sequence_edit,,0.5365913079360168,928,evaluated
DBP35,2,sequence_kmer3,0.2283665396601405,0.7843451068825134,928,evaluated
DBP35,2,sequence_kmer4,0.15333873823461708,0.6562882657464146,928,evaluated
DBP35,2,NA-MPNN_structural_ppm,0.38185671250842984,0.8102535838604416,928,evaluated
DBP35,2,DeepPBS,,,0,too_few_or_no_scores
DBP35,2,SimpleProteinConditionalBaseline,,,0,too_few_or_no_scores
DBP35,3+,sequence_hamming,-0.033115229200106164,0.5570589346340572,7120,evaluated
DBP35,3+,sequence_edit,-0.02369265236880896,0.6064804803083045,7120,evaluated
DBP35,3+,sequence_kmer3,0.28290249039508003,0.7929659261830652,7120,evaluated
DBP35,3+,sequence_kmer4,0.1506230884669142,0.6886989200288116,7120,evaluated
DBP35,3+,NA-MPNN_structural_ppm,0.2250642907960888,0.6921144516882138,7120,evaluated
DBP35,3+,DeepPBS,,,0,too_few_or_no_scores
DBP35,3+,SimpleProteinConditionalBaseline,,,0,too_few_or_no_scores
DBP48,0,sequence_hamming,,,8,too_few_or_no_scores
DBP48,0,sequence_edit,,,8,too_few_or_no_scores
DBP48,0,sequence_kmer3,,,8,too_few_or_no_scores
DBP48,0,sequence_kmer4,,,8,too_few_or_no_scores
DBP48,0,NA-MPNN_structural_ppm,,,8,too_few_or_no_scores
DBP48,0,DeepPBS,,,0,too_few_or_no_scores
DBP48,0,SimpleProteinConditionalBaseline,,,0,too_few_or_no_scores
DBP48,1,sequence_hamming,,0.4674400746738459,144,evaluated
DBP48,1,sequence_edit,,0.4674400746738459,144,evaluated
DBP48,1,sequence_kmer3,0.3619256656584157,0.717642827854243,144,evaluated
DBP48,1,sequence_kmer4,0.22755729979603526,0.5604183791377516,144,evaluated
DBP48,1,NA-MPNN_structural_ppm,-0.3979824772928221,0.37758956694984225,144,evaluated
DBP48,1,DeepPBS,,,0,too_few_or_no_scores
DBP48,1,SimpleProteinConditionalBaseline,,,0,too_few_or_no_scores
DBP48,2,sequence_hamming,,0.4737991457841194,1020,evaluated
DBP48,2,sequence_edit,,0.4737991457841194,1020,evaluated
DBP48,2,sequence_kmer3,0.1384157851943252,0.7147963275348594,1020,evaluated
DBP48,2,sequence_kmer4,0.03602809075487716,0.5842052031675575,1020,evaluated
DBP48,2,NA-MPNN_structural_ppm,-0.37170784454436534,0.24431303003700824,1020,evaluated
DBP48,2,DeepPBS,,,0,too_few_or_no_scores
DBP48,2,SimpleProteinConditionalBaseline,,,0,too_few_or_no_scores
DBP48,3+,sequence_hamming,0.19651556357344088,0.48498217733490095,7020,evaluated
DBP48,3+,sequence_edit,0.23260938580103924,0.5681026866343054,7020,evaluated
DBP48,3+,sequence_kmer3,0.303860470377891,0.8055789062944362,7020,evaluated
DBP48,3+,sequence_kmer4,0.18636169953602372,0.7501048641879661,7020,evaluated
DBP48,3+,NA-MPNN_structural_ppm,-0.3234563593327499,0.32603121601929086,7020,evaluated
DBP48,3+,DeepPBS,,,0,too_few_or_no_scores
DBP48,3+,SimpleProteinConditionalBaseline,,,0,too_few_or_no_scores
DBP5,0,sequence_hamming,,,8,too_few_or_no_scores
DBP5,0,sequence_edit,,,8,too_few_or_no_scores
DBP5,0,sequence_kmer3,,,8,too_few_or_no_scores
DBP5,0,sequence_kmer4,,,8,too_few_or_no_scores
DBP5,0,NA-MPNN_structural_ppm,,,0,too_few_or_no_scores
DBP5,0,DeepPBS,,,0,too_few_or_no_scores
DBP5,0,SimpleProteinConditionalBaseline,,,0,too_few_or_no_scores
DBP5,1,sequence_hamming,,0.34776579236079286,136,evaluated
DBP5,1,sequence_edit,,0.34776579236079286,136,evaluated
DBP5,1,sequence_kmer3,0.09106462852781591,0.35783346160674145,136,evaluated
DBP5,1,sequence_kmer4,-0.04668244395664266,0.25572877969398866,136,evaluated
DBP5,1,NA-MPNN_structural_ppm,,,0,too_few_or_no_scores
DBP5,1,DeepPBS,,,0,too_few_or_no_scores
DBP5,1,SimpleProteinConditionalBaseline,,,0,too_few_or_no_scores
DBP5,2,sequence_hamming,,0.5599883684364932,928,evaluated
DBP5,2,sequence_edit,,0.5599883684364932,928,evaluated
DBP5,2,sequence_kmer3,0.18953256103778296,0.7703929843209064,928,evaluated
DBP5,2,sequence_kmer4,0.06057248573627138,0.6488769238185406,928,evaluated
DBP5,2,NA-MPNN_structural_ppm,,,0,too_few_or_no_scores
DBP5,2,DeepPBS,,,0,too_few_or_no_scores
DBP5,2,SimpleProteinConditionalBaseline,,,0,too_few_or_no_scores
DBP5,3+,sequence_hamming,0.0395208501348067,0.5394111809936584,7120,evaluated
DBP5,3+,sequence_edit,0.045069090295639554,0.5845197270731511,7120,evaluated
DBP5,3+,sequence_kmer3,0.2046831354272354,0.7029729553370933,7120,evaluated
DBP5,3+,sequence_kmer4,0.07452751131958597,0.5879394072361932,7120,evaluated
DBP5,3+,NA-MPNN_structural_ppm,,,0,too_few_or_no_scores
DBP5,3+,DeepPBS,,,0,too_few_or_no_scores
DBP5,3+,SimpleProteinConditionalBaseline,,,0,too_few_or_no_scores
DBP6,0,sequence_hamming,,,8,too_few_or_no_scores
DBP6,0,sequence_edit,,,8,too_few_or_no_scores
DBP6,0,sequence_kmer3,,,8,too_few_or_no_scores
DBP6,0,sequence_kmer4,,,8,too_few_or_no_scores
DBP6,0,NA-MPNN_structural_ppm,,,0,too_few_or_no_scores
DBP6,0,DeepPBS,,,0,too_few_or_no_scores
DBP6,0,SimpleProteinConditionalBaseline,,,0,too_few_or_no_scores
DBP6,1,sequence_hamming,,0.6135007631201336,136,evaluated
DBP6,1,sequence_edit,,0.6135007631201336,136,evaluated
DBP6,1,sequence_kmer3,0.49921762127019914,0.6408217212891689,136,evaluated
DBP6,1,sequence_kmer4,0.46077654207156005,0.8925053318744858,136,evaluated
DBP6,1,NA-MPNN_structural_ppm,,,0,too_few_or_no_scores
DBP6,1,DeepPBS,,,0,too_few_or_no_scores
DBP6,1,SimpleProteinConditionalBaseline,,,0,too_few_or_no_scores
DBP6,2,sequence_hamming,,0.5565056044604924,928,evaluated
DBP6,2,sequence_edit,,0.5565056044604924,928,evaluated
DBP6,2,sequence_kmer3,0.3822096151269296,0.8638507289144678,928,evaluated
DBP6,2,sequence_kmer4,0.40015550094100205,0.7662283644076847,928,evaluated
DBP6,2,NA-MPNN_structural_ppm,,,0,too_few_or_no_scores
DBP6,2,DeepPBS,,,0,too_few_or_no_scores
DBP6,2,SimpleProteinConditionalBaseline,,,0,too_few_or_no_scores
DBP6,3+,sequence_hamming,-0.039855611623968085,0.5007366448068409,7120,evaluated
DBP6,3+,sequence_edit,-0.02608052249938954,0.5399595193307316,7120,evaluated
DBP6,3+,sequence_kmer3,0.33316846593268007,0.8620021203172197,7120,evaluated
DBP6,3+,sequence_kmer4,0.22600157576717517,0.7257001958108569,7120,evaluated
DBP6,3+,NA-MPNN_structural_ppm,,,0,too_few_or_no_scores
DBP6,3+,DeepPBS,,,0,too_few_or_no_scores
DBP6,3+,SimpleProteinConditionalBaseline,,,0,too_few_or_no_scores
DBP9,0,sequence_hamming,,,8,too_few_or_no_scores
DBP9,0,sequence_edit,,,8,too_few_or_no_scores
DBP9,0,sequence_kmer3,,,8,too_few_or_no_scores
DBP9,0,sequence_kmer4,,,8,too_few_or_no_scores
DBP9,0,NA-MPNN_structural_ppm,,,0,too_few_or_no_scores
DBP9,0,DeepPBS,,,0,too_few_or_no_scores
DBP9,0,SimpleProteinConditionalBaseline,,,0,too_few_or_no_scores
DBP9,1,sequence_hamming,,0.6505974975956751,136,evaluated
DBP9,1,sequence_edit,,0.6505974975956751,136,evaluated
DBP9,1,sequence_kmer3,0.40020456886195377,0.6730833748539881,136,evaluated
DBP9,1,sequence_kmer4,0.3677799591560875,0.8684968040281812,136,evaluated
DBP9,1,NA-MPNN_structural_ppm,,,0,too_few_or_no_scores
DBP9,1,DeepPBS,,,0,too_few_or_no_scores
DBP9,1,SimpleProteinConditionalBaseline,,,0,too_few_or_no_scores
DBP9,2,sequence_hamming,,0.5897497551659058,928,evaluated
DBP9,2,sequence_edit,,0.5897497551659058,928,evaluated
DBP9,2,sequence_kmer3,0.21692296798373023,0.7759397663987595,928,evaluated
DBP9,2,sequence_kmer4,0.19822120548870456,0.7331745869807876,928,evaluated
DBP9,2,NA-MPNN_structural_ppm,,,0,too_few_or_no_scores
DBP9,2,DeepPBS,,,0,too_few_or_no_scores
DBP9,2,SimpleProteinConditionalBaseline,,,0,too_few_or_no_scores
DBP9,3+,sequence_hamming,-0.03699237320851436,0.5763465149511111,7120,evaluated
DBP9,3+,sequence_edit,-0.043601512137421555,0.5315711693582689,7120,evaluated
DBP9,3+,sequence_kmer3,0.18093569939662993,0.7685575923416823,7120,evaluated
DBP9,3+,sequence_kmer4,0.18492952256634027,0.7511835730040368,7120,evaluated
DBP9,3+,NA-MPNN_structural_ppm,,,0,too_few_or_no_scores
DBP9,3+,DeepPBS,,,0,too_few_or_no_scores
DBP9,3+,SimpleProteinConditionalBaseline,,,0,too_few_or_no_scores
