dbp_id,candidate,rc_class,experimental_E_score,M0_score,M1_score,M1c_score,M2_score,M3_score,target_hamming,target_edit,target_kmer_overlap,existing_hard_case_category
DBP1,ACACCAC,ACACCAC,0.16367500000000001,0.12323296,1.097848,0.2955775,-0.31412026,-0.06797763,0.7142857142857143,0.7142857142857143,0.3333333333333333,DeepPBS_not_evaluable
DBP1,ACGTCAC,ACGTCAC,0.3639,0.88534063,1.2930326,0.5396244,0.15249458,0.0034492512,0.5714285714285714,0.5714285714285714,0.14285714285714285,DeepPBS_not_evaluable
DBP1,AGTCACC,AGTCACC,0.447515,0.23040062,0.91311264,0.010919511,0.06802329,0.025740897,0.5714285714285714,0.5714285714285714,0.125,DeepPBS_not_evaluable
DBP1,AGTGACC,AGTGACC,0.3808,0.23040062,0.91311264,0.010919511,0.06802329,0.025740897,0.4285714285714286,0.4285714285714286,0.125,DeepPBS_not_evaluable
DBP1,ATGTCGC,ATGTCGC,0.25184,0.88534063,1.2930326,0.5396244,0.15249456,0.0034492363,0.5714285714285714,0.5714285714285714,0.2857142857142857,DeepPBS_not_evaluable
DBP1,GACGACA,GACGACA,0.194415,0.11830457,1.3438793,0.36609772,0.2318802,0.10685306,0.4285714285714286,0.4285714285714286,0.14285714285714285,DeepPBS_not_evaluable
DBP1,GACGTCA,GACGTCA,0.17806,0.029745156,0.9352331,0.018226007,-0.011974613,-0.05248515,0.5714285714285714,0.5714285714285714,0.0,DeepPBS_not_evaluable
DBP1,GGGACAC,GGGACAC,0.18047,0.72365093,0.9549362,0.2599711,0.08856458,-0.021497687,0.4285714285714286,0.4285714285714286,0.42857142857142855,DeepPBS_not_evaluable
DBP1,GGGGTCA,GGGGTCA,0.16074,0.15909362,0.56715965,-0.37353945,0.25654724,0.2350548,0.4285714285714286,0.4285714285714286,0.0,DeepPBS_not_evaluable
DBP1,GGGTCAC,GGGTCAC,0.388625,0.72365093,0.9549362,0.2599711,0.0885646,-0.021497676,0.4285714285714286,0.4285714285714286,0.125,DeepPBS_not_evaluable
DBP1,GTCACCA,GTCACCA,0.41295000000000004,0.3524609,1.1713492,0.38599643,0.1333227,-0.07973222,0.4285714285714286,0.4285714285714286,0.125,DeepPBS_not_evaluable
DBP1,GTGACCA,GTGACCA,0.390815,0.61771196,1.0706506,0.28664437,-0.04780705,-0.103259705,0.2857142857142857,0.4285714285714286,0.125,DeepPBS_not_evaluable
DBP1,TCACCCA,TCACCCA,0.192355,0.6281809,1.2311264,0.4297408,0.2093392,0.06933595,0.5714285714285714,0.5714285714285714,0.125,DeepPBS_not_evaluable
DBP3,ACACCAC,ACACCAC,0.24458,0.12323296,1.6635402,-0.21045963,-0.31412026,-0.07196835,0.7142857142857143,0.7142857142857143,0.3333333333333333,DeepPBS_not_evaluable
DBP3,ACGTCAC,ACGTCAC,0.43553,0.88534063,1.8676157,0.2090025,0.15249458,-0.001248618,0.5714285714285714,0.5714285714285714,0.14285714285714285,DeepPBS_not_evaluable
DBP3,AGCGACC,AGCGACC,0.201755,-0.3551918,1.822883,-0.19588844,-0.032695428,-0.05211393,0.4285714285714286,0.4285714285714286,0.1111111111111111,DeepPBS_not_evaluable
DBP3,AGGCACC,AGGCACC,0.21486,-0.28026602,1.7771134,-0.20002873,-0.36990646,-0.11197009,0.5714285714285714,0.5714285714285714,0.25,DeepPBS_not_evaluable
DBP3,AGTCACA,AGTCACA,0.47884000000000004,0.6216421,0.94881314,-0.5989017,0.13144593,0.04759802,0.4285714285714286,0.5714285714285714,0.2857142857142857,DeepPBS_not_evaluable
DBP3,AGTCACC,AGTCACC,0.47274499999999997,0.23040062,1.4124514,-0.318941,0.06802329,0.029539501,0.5714285714285714,0.5714285714285714,0.125,DeepPBS_not_evaluable
DBP3,AGTGACA,AGTGACA,0.48406499999999997,0.6216421,0.94881314,-0.5989017,0.13144593,0.04759802,0.4285714285714286,0.4285714285714286,0.2857142857142857,DeepPBS_not_evaluable
DBP3,AGTGACC,AGTGACC,0.44081000000000004,0.23040062,1.4124514,-0.318941,0.06802329,0.029539501,0.4285714285714286,0.4285714285714286,0.125,DeepPBS_not_evaluable
DBP3,AGTGCCG,AGTGCCG,0.216745,-0.2543933,1.8959566,0.062476475,0.15355337,-0.05163904,0.4285714285714286,0.4285714285714286,0.125,DeepPBS_not_evaluable
DBP3,ATGTCGC,ATGTCGC,0.359965,0.88534063,1.8676157,0.2090025,0.15249456,-0.001248618,0.5714285714285714,0.5714285714285714,0.2857142857142857,DeepPBS_not_evaluable
DBP3,GACGTCA,GACGTCA,0.246365,0.029745156,1.4465417,-0.39210048,-0.011974613,-0.050741475,0.5714285714285714,0.5714285714285714,0.0,DeepPBS_not_evaluable
DBP3,GATGACA,GATGACA,0.337665,0.44380143,1.2733983,-0.46497712,0.17295969,0.11005885,0.5714285714285714,0.5714285714285714,0.5,DeepPBS_not_evaluable
DBP3,GGACACC,GGACACC,0.22874999999999998,0.08236322,2.191838,0.04244284,0.31254488,0.5940498,0.5714285714285714,0.5714285714285714,0.42857142857142855,DeepPBS_not_evaluable
DBP3,GGAGTCA,GGAGTCA,0.284145,0.31985506,1.3124324,-0.47729817,0.22934417,0.19498391,0.4285714285714286,0.5714285714285714,0.1111111111111111,DeepPBS_not_evaluable
DBP3,GGGACAA,GGGACAA,0.274685,0.61771196,1.6382518,-0.019625783,-0.04780705,-0.10784545,0.4285714285714286,0.4285714285714286,0.25,DeepPBS_not_evaluable
DBP3,GGGGTCA,GGGGTCA,0.20175500000000002,0.15909362,2.018388,-0.019396225,0.25654724,0.25258046,0.4285714285714286,0.4285714285714286,0.0,DeepPBS_not_evaluable
DBP3,GTCACCA,GTCACCA,0.460425,0.3524609,1.8134332,0.06744186,0.1333227,-0.08678486,0.4285714285714286,0.4285714285714286,0.125,DeepPBS_not_evaluable
DBP3,GTGACCA,GTGACCA,0.442905,0.61771196,1.6382518,-0.019625783,-0.04780705,-0.10784545,0.2857142857142857,0.4285714285714286,0.125,DeepPBS_not_evaluable
DBP3,TCACACA,TCACACA,0.40446499999999996,0.6867428,0.86252207,-0.37245592,0.31454107,0.03300817,0.5714285714285714,0.5714285714285714,0.4,DeepPBS_not_evaluable
DBP3,TCACCCA,TCACCCA,0.289765,0.6281809,1.4059072,0.052299976,0.2093392,0.06563059,0.5714285714285714,0.5714285714285714,0.125,DeepPBS_not_evaluable
DBP3,TCGGTCA,TCGGTCA,0.21545,0.6281809,1.4059072,0.052299976,0.2093392,0.06563059,0.4285714285714286,0.4285714285714286,0.0,DeepPBS_not_evaluable
DBP3,TCTGTCA,TCTGTCA,0.25605500000000003,0.6867428,0.86252207,-0.37245592,0.31454107,0.03300817,0.5714285714285714,0.5714285714285714,0.125,DeepPBS_not_evaluable
DBP3,TGACCCA,TGACCCA,0.281575,0.4787599,1.4416231,-0.01507477,0.16898982,0.110668205,0.4285714285714286,0.4285714285714286,0.0,DeepPBS_not_evaluable
DBP3,TGACTCA,TGACTCA,0.27928,0.90122586,0.59192294,-0.65613955,0.2043541,0.041228756,0.2857142857142857,0.4285714285714286,0.0,DeepPBS_not_evaluable
DBP35,AAAATGT,AAAATGT,0.20375500000000002,0.26736772,1.5843614,-2.5669916,0.7642181,0.7172895,0.5714285714285714,0.5714285714285714,0.3333333333333333,mixed_or_unclassified
DBP35,AAATTGT,AAATTGT,0.16776,0.26736772,1.5843614,-2.5669916,0.7642181,0.7172895,0.4285714285714286,0.5714285714285714,0.14285714285714285,mixed_or_unclassified
DBP35,ACAAAAT,ACAAAAT,0.184465,0.31845203,1.5267957,-2.3942597,0.60614365,0.7438547,0.4285714285714286,0.4285714285714286,0.14285714285714285,mixed_or_unclassified
DBP35,ACATATA,ACATATA,0.19193500000000002,0.23050292,1.6039585,-2.656524,0.6359649,0.7231436,0.5714285714285714,0.5714285714285714,0.4,mixed_or_unclassified
DBP35,ACATTAT,ACATTAT,0.193565,0.51960677,1.744628,-2.1042955,0.7785509,0.7532155,0.4285714285714286,0.4285714285714286,0.2857142857142857,mixed_or_unclassified
DBP35,AGGTTAT,AGGTTAT,0.17287999999999998,-0.008510391,1.2976563,-2.919963,0.49172607,0.7273039,0.4285714285714286,0.4285714285714286,0.0,both_methods_low
DBP35,ATATATG,ATATATG,0.173755,0.23008902,1.4357071,-3.0597706,0.47486076,0.76270443,0.7142857142857143,0.7142857142857143,0.2,mixed_or_unclassified
DBP35,GAATATA,GAATATA,0.214885,0.2954345,1.5175508,-2.8385732,0.7245271,0.7904353,0.5714285714285714,0.5714285714285714,0.0,mixed_or_unclassified
DBP48,CGACGCA,CGACGCA,0.40421,0.34130505,2.9161396,0.12969704,0.15648861,1.2546211,0.5714285714285714,0.5714285714285714,0.125,both_methods_high
DBP48,CGCGTCA,CGCGTCA,0.37928,0.34130505,2.9161396,0.12969704,0.15648861,1.2546211,0.7142857142857143,0.7142857142857143,0.14285714285714285,mixed_or_unclassified
DBP48,GGACGCA,GGACGCA,0.28042,0.43830767,2.6365807,-0.047300417,0.47762096,1.364254,0.5714285714285714,0.5714285714285714,0.125,mixed_or_unclassified
DBP48,GGCGTCA,GGCGTCA,0.34229,0.43830767,2.6365807,-0.047300417,0.47762093,1.364254,0.5714285714285714,0.5714285714285714,0.2857142857142857,mixed_or_unclassified
DBP48,TACGTCA,TACGTCA,0.29858,0.5284307,3.0693963,0.45966473,0.18790805,1.1585798,0.4285714285714286,0.4285714285714286,0.0,mixed_or_unclassified
DBP5,AAAATAT,AAAATAT,0.25994,0.038195517,1.8320495,-2.339601,0.28969154,0.8405846,0.5714285714285714,0.5714285714285714,0.0,DeepPBS_not_evaluable
DBP5,AAAATGA,AAAATGA,0.19124,0.399914,2.4364614,-1.525802,0.76326466,0.72074527,0.4285714285714286,0.4285714285714286,0.14285714285714285,DeepPBS_not_evaluable
DBP5,AAATAAT,AAATAAT,0.20892,0.07968917,1.9665409,-2.377042,0.36642614,0.8334084,0.4285714285714286,0.4285714285714286,0.0,DeepPBS_not_evaluable
DBP5,AAATATA,AAATATA,0.25402,0.06572858,1.88476,-2.3587306,0.49334702,0.8261649,0.5714285714285714,0.5714285714285714,0.0,DeepPBS_not_evaluable
DBP5,AAATATG,AAATATG,0.27781,0.312857,2.1067803,-1.8573928,0.730571,0.7433006,0.7142857142857143,0.7142857142857143,0.14285714285714285,DeepPBS_not_evaluable
DBP5,AATAATA,AATAATA,0.19402,0.14855883,2.0675974,-2.20354,0.5978079,0.824362,0.2857142857142857,0.4285714285714286,0.0,DeepPBS_not_evaluable
DBP5,AATATAC,AATATAC,0.2652,0.14416774,2.2398698,-2.1435788,0.53048,0.7767953,0.5714285714285714,0.5714285714285714,0.0,DeepPBS_not_evaluable
DBP5,AATATAG,AATATAG,0.20111,0.23008902,2.1613023,-2.2135384,0.47486076,0.75682807,0.4285714285714286,0.5714285714285714,0.0,DeepPBS_not_evaluable
DBP5,AATATAT,AATATAT,0.24137,0.07968917,1.9665409,-2.377042,0.36642614,0.8334084,0.5714285714285714,0.5714285714285714,0.0,DeepPBS_not_evaluable
DBP5,AATATCA,AATATCA,0.1958,0.13306914,2.035403,-2.2380898,0.5943164,0.76279646,0.5714285714285714,0.5714285714285714,0.16666666666666666,DeepPBS_not_evaluable
DBP5,AATATGA,AATATGA,0.214,0.23050292,2.3263638,-1.806245,0.6359649,0.71742606,0.5714285714285714,0.5714285714285714,0.14285714285714285,DeepPBS_not_evaluable
DBP5,AATATGT,AATATGT,0.21519,0.29326698,2.3724062,-1.7428913,0.62214273,0.7067434,0.5714285714285714,0.5714285714285714,0.3333333333333333,DeepPBS_not_evaluable
DBP5,AATTATA,AATTATA,0.19536,0.14855883,2.0675974,-2.20354,0.5978079,0.824362,0.4285714285714286,0.4285714285714286,0.0,DeepPBS_not_evaluable
DBP5,ACAAAAT,ACAAAAT,0.23764,0.31845203,2.3480742,-1.5282756,0.60614365,0.73777527,0.4285714285714286,0.4285714285714286,0.14285714285714285,DeepPBS_not_evaluable
DBP5,ACATAAT,ACATAAT,0.19215,0.31845203,2.3480742,-1.5282756,0.60614365,0.73777527,0.4285714285714286,0.4285714285714286,0.2857142857142857,DeepPBS_not_evaluable
DBP5,ACATATA,ACATATA,0.30016,0.23050292,2.3263638,-1.806245,0.6359649,0.71742606,0.5714285714285714,0.5714285714285714,0.4,DeepPBS_not_evaluable
DBP5,ACTATAT,ACTATAT,0.20365,0.31845203,2.3480742,-1.5282756,0.60614365,0.73777527,0.4285714285714286,0.4285714285714286,0.0,DeepPBS_not_evaluable
DBP5,ACTTATA,ACTTATA,0.25329,0.19964862,2.066705,-2.1774888,0.5595953,0.7149019,0.4285714285714286,0.4285714285714286,0.0,DeepPBS_not_evaluable
DBP5,AGATATA,AGATATA,0.24248,0.13306914,2.035403,-2.2380898,0.5943164,0.76279646,0.7142857142857143,0.7142857142857143,0.5,DeepPBS_not_evaluable
DBP5,ATAAGAT,ATAAGAT,0.19089,0.3763353,2.3759348,-1.7698578,0.45865646,0.7883227,0.5714285714285714,0.5714285714285714,0.3333333333333333,DeepPBS_not_evaluable
DBP5,ATAATAC,ATAATAC,0.19634,0.2977808,2.3597887,-1.7443618,0.52052355,0.8102297,0.2857142857142857,0.4285714285714286,0.0,DeepPBS_not_evaluable
DBP5,ATAATAT,ATAATAT,0.2107,0.22144182,2.142602,-1.829131,0.3145132,0.8759708,0.4285714285714286,0.4285714285714286,0.0,DeepPBS_not_evaluable
DBP5,ATAATTA,ATAATTA,0.26958,0.05356446,1.9620999,-2.3796656,0.3714842,0.849114,0.4285714285714286,0.4285714285714286,0.0,DeepPBS_not_evaluable
DBP5,ATAATTG,ATAATTG,0.20795,0.2556108,2.0363216,-2.2985494,0.40786672,0.75997573,0.5714285714285714,0.5714285714285714,0.0,DeepPBS_not_evaluable
DBP5,ATACTAT,ATACTAT,0.18019,0.0022706639,1.8712049,-2.3032885,0.043307263,0.74570924,0.2857142857142857,0.4285714285714286,0.0,DeepPBS_not_evaluable
DBP5,ATATAAG,ATATAAG,0.26974,-0.08499643,1.9709454,-2.2965696,0.29066798,0.77567166,0.5714285714285714,0.5714285714285714,0.0,DeepPBS_not_evaluable
DBP5,ATATATC,ATATATC,0.22567,0.14416774,2.2398698,-2.1435788,0.53048,0.7767953,0.5714285714285714,0.5714285714285714,0.25,DeepPBS_not_evaluable
DBP5,ATATATG,ATATATG,0.30919,0.23008902,2.1613023,-2.2135384,0.47486076,0.75682807,0.7142857142857143,0.7142857142857143,0.2,DeepPBS_not_evaluable
DBP5,ATATTTC,ATATTTC,0.19929,0.20721667,2.0891778,-2.2156184,0.50562906,0.78022784,0.5714285714285714,0.5714285714285714,0.0,DeepPBS_not_evaluable
DBP5,ATTACTA,ATTACTA,0.18327,0.048003554,1.9657373,-2.4069135,0.46282265,0.7799871,0.4285714285714286,0.5714285714285714,0.0,DeepPBS_not_evaluable
DBP5,ATTATCC,ATTATCC,0.21852,0.050537538,2.142679,-2.0660477,0.5023408,0.7106535,0.4285714285714286,0.4285714285714286,0.14285714285714285,DeepPBS_not_evaluable
DBP5,CAATATA,CAATATA,0.20454,0.34528562,2.1673193,-1.8159071,0.87729174,0.7744422,0.4285714285714286,0.5714285714285714,0.0,DeepPBS_not_evaluable
DBP5,CATATAA,CATATAA,0.23722,0.1682852,1.9834574,-2.3266318,0.5281642,0.7760404,0.5714285714285714,0.5714285714285714,0.16666666666666666,DeepPBS_not_evaluable
DBP5,CATATAC,CATATAC,0.23246,0.31893986,2.1972346,-1.9103731,0.6737376,0.7058692,0.5714285714285714,0.5714285714285714,0.16666666666666666,DeepPBS_not_evaluable
DBP5,CATATTA,CATATTA,0.23975,0.34528562,2.1673193,-1.8159071,0.87729174,0.7744422,0.5714285714285714,0.5714285714285714,0.14285714285714285,DeepPBS_not_evaluable
DBP5,CTTATAC,CTTATAC,0.22004,-0.049021143,1.9005386,-2.0888712,0.5038936,0.71507996,0.4285714285714286,0.4285714285714286,0.0,DeepPBS_not_evaluable
DBP5,GAATATA,GAATATA,0.19911,0.2954345,2.1680567,-1.9680347,0.7245271,0.7846258,0.5714285714285714,0.5714285714285714,0.0,DeepPBS_not_evaluable
DBP5,GATAATA,GATAATA,0.18102,0.2712397,2.2788546,-1.7679259,0.8811972,0.78763217,0.4285714285714286,0.4285714285714286,0.16666666666666666,DeepPBS_not_evaluable
DBP5,GTTATAA,GTTATAA,0.19984,-0.024531791,1.9546179,-2.1298144,0.4721423,0.8023756,0.4285714285714286,0.4285714285714286,0.0,DeepPBS_not_evaluable
DBP5,TAATTAA,TAATTAA,0.23191,0.079214,1.9048287,-2.500769,0.47422084,0.86427164,0.2857142857142857,0.2857142857142857,0.0,DeepPBS_not_evaluable
DBP5,TACTATA,TACTATA,0.26079,0.4280641,2.2124474,-1.8697032,0.8300812,0.78029555,0.4285714285714286,0.4285714285714286,0.0,DeepPBS_not_evaluable
DBP5,TATAAGA,TATAAGA,0.19768,0.26641586,1.7568811,-2.3107045,0.6486726,0.7331731,0.4285714285714286,0.4285714285714286,0.16666666666666666,DeepPBS_not_evaluable
DBP5,TATATGA,TATATGA,0.25521,0.31244883,2.0578938,-1.9874073,0.7001462,0.7359414,0.5714285714285714,0.5714285714285714,0.16666666666666666,DeepPBS_not_evaluable
DBP6,AACGTGA,AACGTGA,0.198095,0.30653748,2.5707886,-0.31171954,0.33138773,0.69326323,0.5714285714285714,0.5714285714285714,0.14285714285714285,DeepPBS_not_evaluable
DBP6,ACAGTGC,ACAGTGC,0.17779,0.29443455,2.155609,-0.28167793,-0.06403354,0.62792236,0.5714285714285714,0.5714285714285714,0.8,DeepPBS_not_evaluable
DBP6,CACGTCA,CACGTCA,0.205025,0.31725675,2.3012083,-0.3684341,0.36753383,0.64789826,0.5714285714285714,0.5714285714285714,0.14285714285714285,DeepPBS_not_evaluable
DBP6,GAAGTGA,GAAGTGA,0.205105,0.20403881,2.310167,-0.39010623,0.28351024,0.7766404,0.7142857142857143,0.7142857142857143,0.125,DeepPBS_not_evaluable
DBP6,GCAGTGA,GCAGTGA,0.19092,0.41916096,1.742084,-0.50176483,0.020370223,0.8489203,0.5714285714285714,0.5714285714285714,0.5,DeepPBS_not_evaluable
DBP6,GGAGTCA,GGAGTCA,0.185105,0.62165624,2.2602139,-0.1358289,0.2944585,1.0314163,0.4285714285714286,0.5714285714285714,0.0,DeepPBS_not_evaluable
