gse_id,gsm_id,protein_id,protein_name,protein_concentration,replicate,sample_title,platform_id,source_row_index,dna_7mer,dna_7mer_reverse_complement_column,paired_7mer,source_orientation,e_score,median_intensity,z_score,source_file,source_file_sha256,source_url
GSE237017,GSM7593072,DBP1,DBP1,300uM,1,DBP1 at 300uM concentration replicate 1,GPL23935,1,AAAAAAA,TTTTTTT,TTTTTTT,primary_column,-0.18762,955.24,-0.9888,GSM7593072_dbp1-r1_7mers_1111111.txt.gz,a486c901fcb0128ae115e9f97461043be66dd62080f60d8da53d5a4162f6c3a1,https://www.ncbi.nlm.nih.gov/geo/query/acc.cgi?acc=GSM7593072
GSE237017,GSM7593072,DBP1,DBP1,300uM,1,DBP1 at 300uM concentration replicate 1,GPL23935,2,AAAAAAC,GTTTTTT,GTTTTTT,primary_column,-0.16954,956.49,-0.9382,GSM7593072_dbp1-r1_7mers_1111111.txt.gz,a486c901fcb0128ae115e9f97461043be66dd62080f60d8da53d5a4162f6c3a1,https://www.ncbi.nlm.nih.gov/geo/query/acc.cgi?acc=GSM7593072
GSE237017,GSM7593072,DBP1,DBP1,300uM,1,DBP1 at 300uM concentration replicate 1,GPL23935,3,AAAAAAG,CTTTTTT,CTTTTTT,primary_column,0.03313,960.21,-0.7872,GSM7593072_dbp1-r1_7mers_1111111.txt.gz,a486c901fcb0128ae115e9f97461043be66dd62080f60d8da53d5a4162f6c3a1,https://www.ncbi.nlm.nih.gov/geo/query/acc.cgi?acc=GSM7593072
GSE237017,GSM7593072,DBP1,DBP1,300uM,1,DBP1 at 300uM concentration replicate 1,GPL23935,4,AAAAAAT,ATTTTTT,ATTTTTT,primary_column,0.06137,968.11,-0.4691,GSM7593072_dbp1-r1_7mers_1111111.txt.gz,a486c901fcb0128ae115e9f97461043be66dd62080f60d8da53d5a4162f6c3a1,https://www.ncbi.nlm.nih.gov/geo/query/acc.cgi?acc=GSM7593072
GSE237017,GSM7593072,DBP1,DBP1,300uM,1,DBP1 at 300uM concentration replicate 1,GPL23935,5,AAAAACA,TGTTTTT,TGTTTTT,primary_column,0.15494,1010.02,1.1773,GSM7593072_dbp1-r1_7mers_1111111.txt.gz,a486c901fcb0128ae115e9f97461043be66dd62080f60d8da53d5a4162f6c3a1,https://www.ncbi.nlm.nih.gov/geo/query/acc.cgi?acc=GSM7593072
GSE237017,GSM7593072,DBP1,DBP1,300uM,1,DBP1 at 300uM concentration replicate 1,GPL23935,6,AAAAACC,GGTTTTT,GGTTTTT,primary_column,-0.16809,956.52,-0.9368,GSM7593072_dbp1-r1_7mers_1111111.txt.gz,a486c901fcb0128ae115e9f97461043be66dd62080f60d8da53d5a4162f6c3a1,https://www.ncbi.nlm.nih.gov/geo/query/acc.cgi?acc=GSM7593072
GSE237017,GSM7593072,DBP1,DBP1,300uM,1,DBP1 at 300uM concentration replicate 1,GPL23935,7,AAAAACG,CGTTTTT,CGTTTTT,primary_column,-0.08504,981.9,0.0805,GSM7593072_dbp1-r1_7mers_1111111.txt.gz,a486c901fcb0128ae115e9f97461043be66dd62080f60d8da53d5a4162f6c3a1,https://www.ncbi.nlm.nih.gov/geo/query/acc.cgi?acc=GSM7593072
GSE237017,GSM7593072,DBP1,DBP1,300uM,1,DBP1 at 300uM concentration replicate 1,GPL23935,8,AAAAACT,AGTTTTT,AGTTTTT,primary_column,-0.07718,967.44,-0.4958,GSM7593072_dbp1-r1_7mers_1111111.txt.gz,a486c901fcb0128ae115e9f97461043be66dd62080f60d8da53d5a4162f6c3a1,https://www.ncbi.nlm.nih.gov/geo/query/acc.cgi?acc=GSM7593072
GSE237017,GSM7593072,DBP1,DBP1,300uM,1,DBP1 at 300uM concentration replicate 1,GPL23935,9,AAAAAGA,TCTTTTT,TCTTTTT,primary_column,0.117,993.26,0.5275,GSM7593072_dbp1-r1_7mers_1111111.txt.gz,a486c901fcb0128ae115e9f97461043be66dd62080f60d8da53d5a4162f6c3a1,https://www.ncbi.nlm.nih.gov/geo/query/acc.cgi?acc=GSM7593072
GSE237017,GSM7593072,DBP1,DBP1,300uM,1,DBP1 at 300uM concentration replicate 1,GPL23935,10,AAAAAGC,GCTTTTT,GCTTTTT,primary_column,-0.18384,946.38,-1.3508,GSM7593072_dbp1-r1_7mers_1111111.txt.gz,a486c901fcb0128ae115e9f97461043be66dd62080f60d8da53d5a4162f6c3a1,https://www.ncbi.nlm.nih.gov/geo/query/acc.cgi?acc=GSM7593072
GSE237017,GSM7593072,DBP1,DBP1,300uM,1,DBP1 at 300uM concentration replicate 1,GPL23935,11,AAAAAGG,CCTTTTT,CCTTTTT,primary_column,-0.07987,950.68,-1.1747,GSM7593072_dbp1-r1_7mers_1111111.txt.gz,a486c901fcb0128ae115e9f97461043be66dd62080f60d8da53d5a4162f6c3a1,https://www.ncbi.nlm.nih.gov/geo/query/acc.cgi?acc=GSM7593072
GSE237017,GSM7593072,DBP1,DBP1,300uM,1,DBP1 at 300uM concentration replicate 1,GPL23935,12,AAAAAGT,ACTTTTT,ACTTTTT,primary_column,-0.01415,964.95,-0.5959,GSM7593072_dbp1-r1_7mers_1111111.txt.gz,a486c901fcb0128ae115e9f97461043be66dd62080f60d8da53d5a4162f6c3a1,https://www.ncbi.nlm.nih.gov/geo/query/acc.cgi?acc=GSM7593072
GSE237017,GSM7593072,DBP1,DBP1,300uM,1,DBP1 at 300uM concentration replicate 1,GPL23935,13,AAAAATA,TATTTTT,TATTTTT,primary_column,0.02942,990.0,0.3996,GSM7593072_dbp1-r1_7mers_1111111.txt.gz,a486c901fcb0128ae115e9f97461043be66dd62080f60d8da53d5a4162f6c3a1,https://www.ncbi.nlm.nih.gov/geo/query/acc.cgi?acc=GSM7593072
GSE237017,GSM7593072,DBP1,DBP1,300uM,1,DBP1 at 300uM concentration replicate 1,GPL23935,14,AAAAATC,GATTTTT,GATTTTT,primary_column,-0.03815,961.69,-0.7274,GSM7593072_dbp1-r1_7mers_1111111.txt.gz,a486c901fcb0128ae115e9f97461043be66dd62080f60d8da53d5a4162f6c3a1,https://www.ncbi.nlm.nih.gov/geo/query/acc.cgi?acc=GSM7593072
GSE237017,GSM7593072,DBP1,DBP1,300uM,1,DBP1 at 300uM concentration replicate 1,GPL23935,15,AAAAATG,CATTTTT,CATTTTT,primary_column,0.15581,1019.94,1.557,GSM7593072_dbp1-r1_7mers_1111111.txt.gz,a486c901fcb0128ae115e9f97461043be66dd62080f60d8da53d5a4162f6c3a1,https://www.ncbi.nlm.nih.gov/geo/query/acc.cgi?acc=GSM7593072
GSE237017,GSM7593072,DBP1,DBP1,300uM,1,DBP1 at 300uM concentration replicate 1,GPL23935,16,AAAAATT,AATTTTT,AATTTTT,primary_column,0.04047,985.25,0.2128,GSM7593072_dbp1-r1_7mers_1111111.txt.gz,a486c901fcb0128ae115e9f97461043be66dd62080f60d8da53d5a4162f6c3a1,https://www.ncbi.nlm.nih.gov/geo/query/acc.cgi?acc=GSM7593072
GSE237017,GSM7593072,DBP1,DBP1,300uM,1,DBP1 at 300uM concentration replicate 1,GPL23935,17,AAAACAA,TTGTTTT,TTGTTTT,primary_column,-0.00616,986.73,0.2709,GSM7593072_dbp1-r1_7mers_1111111.txt.gz,a486c901fcb0128ae115e9f97461043be66dd62080f60d8da53d5a4162f6c3a1,https://www.ncbi.nlm.nih.gov/geo/query/acc.cgi?acc=GSM7593072
GSE237017,GSM7593072,DBP1,DBP1,300uM,1,DBP1 at 300uM concentration replicate 1,GPL23935,18,AAAACAC,GTGTTTT,GTGTTTT,primary_column,0.1444,1034.87,2.1213,GSM7593072_dbp1-r1_7mers_1111111.txt.gz,a486c901fcb0128ae115e9f97461043be66dd62080f60d8da53d5a4162f6c3a1,https://www.ncbi.nlm.nih.gov/geo/query/acc.cgi?acc=GSM7593072
GSE237017,GSM7593072,DBP1,DBP1,300uM,1,DBP1 at 300uM concentration replicate 1,GPL23935,19,AAAACAG,CTGTTTT,CTGTTTT,primary_column,-0.04922,988.75,0.3503,GSM7593072_dbp1-r1_7mers_1111111.txt.gz,a486c901fcb0128ae115e9f97461043be66dd62080f60d8da53d5a4162f6c3a1,https://www.ncbi.nlm.nih.gov/geo/query/acc.cgi?acc=GSM7593072
GSE237017,GSM7593072,DBP1,DBP1,300uM,1,DBP1 at 300uM concentration replicate 1,GPL23935,20,AAAACAT,ATGTTTT,ATGTTTT,primary_column,0.00969,995.76,0.6252,GSM7593072_dbp1-r1_7mers_1111111.txt.gz,a486c901fcb0128ae115e9f97461043be66dd62080f60d8da53d5a4162f6c3a1,https://www.ncbi.nlm.nih.gov/geo/query/acc.cgi?acc=GSM7593072
GSE237017,GSM7593072,DBP1,DBP1,300uM,1,DBP1 at 300uM concentration replicate 1,GPL23935,21,AAAACCA,TGGTTTT,TGGTTTT,primary_column,0.02533,962.4,-0.6987,GSM7593072_dbp1-r1_7mers_1111111.txt.gz,a486c901fcb0128ae115e9f97461043be66dd62080f60d8da53d5a4162f6c3a1,https://www.ncbi.nlm.nih.gov/geo/query/acc.cgi?acc=GSM7593072
GSE237017,GSM7593072,DBP1,DBP1,300uM,1,DBP1 at 300uM concentration replicate 1,GPL23935,22,AAAACCC,GGGTTTT,GGGTTTT,primary_column,-0.16984,960.16,-0.789,GSM7593072_dbp1-r1_7mers_1111111.txt.gz,a486c901fcb0128ae115e9f97461043be66dd62080f60d8da53d5a4162f6c3a1,https://www.ncbi.nlm.nih.gov/geo/query/acc.cgi?acc=GSM7593072
GSE237017,GSM7593072,DBP1,DBP1,300uM,1,DBP1 at 300uM concentration replicate 1,GPL23935,23,AAAACCG,CGGTTTT,CGGTTTT,primary_column,-0.24332,943.28,-1.4782,GSM7593072_dbp1-r1_7mers_1111111.txt.gz,a486c901fcb0128ae115e9f97461043be66dd62080f60d8da53d5a4162f6c3a1,https://www.ncbi.nlm.nih.gov/geo/query/acc.cgi?acc=GSM7593072
GSE237017,GSM7593072,DBP1,DBP1,300uM,1,DBP1 at 300uM concentration replicate 1,GPL23935,24,AAAACCT,AGGTTTT,AGGTTTT,primary_column,-0.15708,939.4,-1.6381,GSM7593072_dbp1-r1_7mers_1111111.txt.gz,a486c901fcb0128ae115e9f97461043be66dd62080f60d8da53d5a4162f6c3a1,https://www.ncbi.nlm.nih.gov/geo/query/acc.cgi?acc=GSM7593072
GSE237017,GSM7593072,DBP1,DBP1,300uM,1,DBP1 at 300uM concentration replicate 1,GPL23935,25,AAAACGA,TCGTTTT,TCGTTTT,primary_column,-0.10748,958.06,-0.8743,GSM7593072_dbp1-r1_7mers_1111111.txt.gz,a486c901fcb0128ae115e9f97461043be66dd62080f60d8da53d5a4162f6c3a1,https://www.ncbi.nlm.nih.gov/geo/query/acc.cgi?acc=GSM7593072
GSE237017,GSM7593072,DBP1,DBP1,300uM,1,DBP1 at 300uM concentration replicate 1,GPL23935,26,AAAACGC,GCGTTTT,GCGTTTT,primary_column,-0.12021,967.71,-0.485,GSM7593072_dbp1-r1_7mers_1111111.txt.gz,a486c901fcb0128ae115e9f97461043be66dd62080f60d8da53d5a4162f6c3a1,https://www.ncbi.nlm.nih.gov/geo/query/acc.cgi?acc=GSM7593072
GSE237017,GSM7593072,DBP1,DBP1,300uM,1,DBP1 at 300uM concentration replicate 1,GPL23935,27,AAAACGG,CCGTTTT,CCGTTTT,primary_column,-0.11793,973.8,-0.2415,GSM7593072_dbp1-r1_7mers_1111111.txt.gz,a486c901fcb0128ae115e9f97461043be66dd62080f60d8da53d5a4162f6c3a1,https://www.ncbi.nlm.nih.gov/geo/query/acc.cgi?acc=GSM7593072
GSE237017,GSM7593072,DBP1,DBP1,300uM,1,DBP1 at 300uM concentration replicate 1,GPL23935,28,AAAACGT,ACGTTTT,ACGTTTT,primary_column,0.07788,1002.87,0.9012,GSM7593072_dbp1-r1_7mers_1111111.txt.gz,a486c901fcb0128ae115e9f97461043be66dd62080f60d8da53d5a4162f6c3a1,https://www.ncbi.nlm.nih.gov/geo/query/acc.cgi?acc=GSM7593072
GSE237017,GSM7593072,DBP1,DBP1,300uM,1,DBP1 at 300uM concentration replicate 1,GPL23935,29,AAAACTA,TAGTTTT,TAGTTTT,primary_column,-0.00298,980.24,0.0146,GSM7593072_dbp1-r1_7mers_1111111.txt.gz,a486c901fcb0128ae115e9f97461043be66dd62080f60d8da53d5a4162f6c3a1,https://www.ncbi.nlm.nih.gov/geo/query/acc.cgi?acc=GSM7593072
GSE237017,GSM7593072,DBP1,DBP1,300uM,1,DBP1 at 300uM concentration replicate 1,GPL23935,30,AAAACTC,GAGTTTT,GAGTTTT,primary_column,-0.07934,973.87,-0.2385,GSM7593072_dbp1-r1_7mers_1111111.txt.gz,a486c901fcb0128ae115e9f97461043be66dd62080f60d8da53d5a4162f6c3a1,https://www.ncbi.nlm.nih.gov/geo/query/acc.cgi?acc=GSM7593072
GSE237017,GSM7593072,DBP1,DBP1,300uM,1,DBP1 at 300uM concentration replicate 1,GPL23935,31,AAAACTG,CAGTTTT,CAGTTTT,primary_column,-0.12237,965.83,-0.5605,GSM7593072_dbp1-r1_7mers_1111111.txt.gz,a486c901fcb0128ae115e9f97461043be66dd62080f60d8da53d5a4162f6c3a1,https://www.ncbi.nlm.nih.gov/geo/query/acc.cgi?acc=GSM7593072
GSE237017,GSM7593072,DBP1,DBP1,300uM,1,DBP1 at 300uM concentration replicate 1,GPL23935,32,AAAACTT,AAGTTTT,AAGTTTT,primary_column,-0.09391,951.3,-1.1494,GSM7593072_dbp1-r1_7mers_1111111.txt.gz,a486c901fcb0128ae115e9f97461043be66dd62080f60d8da53d5a4162f6c3a1,https://www.ncbi.nlm.nih.gov/geo/query/acc.cgi?acc=GSM7593072
GSE237017,GSM7593072,DBP1,DBP1,300uM,1,DBP1 at 300uM concentration replicate 1,GPL23935,33,AAAAGAA,TTCTTTT,TTCTTTT,primary_column,-0.06778,966.72,-0.5247,GSM7593072_dbp1-r1_7mers_1111111.txt.gz,a486c901fcb0128ae115e9f97461043be66dd62080f60d8da53d5a4162f6c3a1,https://www.ncbi.nlm.nih.gov/geo/query/acc.cgi?acc=GSM7593072
GSE237017,GSM7593072,DBP1,DBP1,300uM,1,DBP1 at 300uM concentration replicate 1,GPL23935,34,AAAAGAC,GTCTTTT,GTCTTTT,primary_column,0.07093,980.3,0.0171,GSM7593072_dbp1-r1_7mers_1111111.txt.gz,a486c901fcb0128ae115e9f97461043be66dd62080f60d8da53d5a4162f6c3a1,https://www.ncbi.nlm.nih.gov/geo/query/acc.cgi?acc=GSM7593072
GSE237017,GSM7593072,DBP1,DBP1,300uM,1,DBP1 at 300uM concentration replicate 1,GPL23935,35,AAAAGAG,CTCTTTT,CTCTTTT,primary_column,0.00444,972.47,-0.2944,GSM7593072_dbp1-r1_7mers_1111111.txt.gz,a486c901fcb0128ae115e9f97461043be66dd62080f60d8da53d5a4162f6c3a1,https://www.ncbi.nlm.nih.gov/geo/query/acc.cgi?acc=GSM7593072
GSE237017,GSM7593072,DBP1,DBP1,300uM,1,DBP1 at 300uM concentration replicate 1,GPL23935,36,AAAAGAT,ATCTTTT,ATCTTTT,primary_column,0.06919,995.67,0.6215,GSM7593072_dbp1-r1_7mers_1111111.txt.gz,a486c901fcb0128ae115e9f97461043be66dd62080f60d8da53d5a4162f6c3a1,https://www.ncbi.nlm.nih.gov/geo/query/acc.cgi?acc=GSM7593072
GSE237017,GSM7593072,DBP1,DBP1,300uM,1,DBP1 at 300uM concentration replicate 1,GPL23935,37,AAAAGCA,TGCTTTT,TGCTTTT,primary_column,-0.2135,944.35,-1.4342,GSM7593072_dbp1-r1_7mers_1111111.txt.gz,a486c901fcb0128ae115e9f97461043be66dd62080f60d8da53d5a4162f6c3a1,https://www.ncbi.nlm.nih.gov/geo/query/acc.cgi?acc=GSM7593072
GSE237017,GSM7593072,DBP1,DBP1,300uM,1,DBP1 at 300uM concentration replicate 1,GPL23935,38,AAAAGCC,GGCTTTT,GGCTTTT,primary_column,-0.26263,941.26,-1.5615,GSM7593072_dbp1-r1_7mers_1111111.txt.gz,a486c901fcb0128ae115e9f97461043be66dd62080f60d8da53d5a4162f6c3a1,https://www.ncbi.nlm.nih.gov/geo/query/acc.cgi?acc=GSM7593072
GSE237017,GSM7593072,DBP1,DBP1,300uM,1,DBP1 at 300uM concentration replicate 1,GPL23935,39,AAAAGCG,CGCTTTT,CGCTTTT,primary_column,0.13684,987.48,0.3006,GSM7593072_dbp1-r1_7mers_1111111.txt.gz,a486c901fcb0128ae115e9f97461043be66dd62080f60d8da53d5a4162f6c3a1,https://www.ncbi.nlm.nih.gov/geo/query/acc.cgi?acc=GSM7593072
GSE237017,GSM7593072,DBP1,DBP1,300uM,1,DBP1 at 300uM concentration replicate 1,GPL23935,40,AAAAGCT,AGCTTTT,AGCTTTT,primary_column,-0.18758,938.85,-1.6613,GSM7593072_dbp1-r1_7mers_1111111.txt.gz,a486c901fcb0128ae115e9f97461043be66dd62080f60d8da53d5a4162f6c3a1,https://www.ncbi.nlm.nih.gov/geo/query/acc.cgi?acc=GSM7593072
GSE237017,GSM7593072,DBP1,DBP1,300uM,1,DBP1 at 300uM concentration replicate 1,GPL23935,41,AAAAGGA,TCCTTTT,TCCTTTT,primary_column,-0.00504,975.2,-0.1855,GSM7593072_dbp1-r1_7mers_1111111.txt.gz,a486c901fcb0128ae115e9f97461043be66dd62080f60d8da53d5a4162f6c3a1,https://www.ncbi.nlm.nih.gov/geo/query/acc.cgi?acc=GSM7593072
GSE237017,GSM7593072,DBP1,DBP1,300uM,1,DBP1 at 300uM concentration replicate 1,GPL23935,42,AAAAGGC,GCCTTTT,GCCTTTT,primary_column,-0.22432,935.84,-1.7858,GSM7593072_dbp1-r1_7mers_1111111.txt.gz,a486c901fcb0128ae115e9f97461043be66dd62080f60d8da53d5a4162f6c3a1,https://www.ncbi.nlm.nih.gov/geo/query/acc.cgi?acc=GSM7593072
GSE237017,GSM7593072,DBP1,DBP1,300uM,1,DBP1 at 300uM concentration replicate 1,GPL23935,43,AAAAGGG,CCCTTTT,CCCTTTT,primary_column,-0.10444,957.26,-0.9067,GSM7593072_dbp1-r1_7mers_1111111.txt.gz,a486c901fcb0128ae115e9f97461043be66dd62080f60d8da53d5a4162f6c3a1,https://www.ncbi.nlm.nih.gov/geo/query/acc.cgi?acc=GSM7593072
GSE237017,GSM7593072,DBP1,DBP1,300uM,1,DBP1 at 300uM concentration replicate 1,GPL23935,44,AAAAGGT,ACCTTTT,ACCTTTT,primary_column,-0.01829,968.57,-0.4505,GSM7593072_dbp1-r1_7mers_1111111.txt.gz,a486c901fcb0128ae115e9f97461043be66dd62080f60d8da53d5a4162f6c3a1,https://www.ncbi.nlm.nih.gov/geo/query/acc.cgi?acc=GSM7593072
GSE237017,GSM7593072,DBP1,DBP1,300uM,1,DBP1 at 300uM concentration replicate 1,GPL23935,45,AAAAGTA,TACTTTT,TACTTTT,primary_column,-0.09483,953.74,-1.0498,GSM7593072_dbp1-r1_7mers_1111111.txt.gz,a486c901fcb0128ae115e9f97461043be66dd62080f60d8da53d5a4162f6c3a1,https://www.ncbi.nlm.nih.gov/geo/query/acc.cgi?acc=GSM7593072
GSE237017,GSM7593072,DBP1,DBP1,300uM,1,DBP1 at 300uM concentration replicate 1,GPL23935,46,AAAAGTC,GACTTTT,GACTTTT,primary_column,-0.03392,955.46,-0.9796,GSM7593072_dbp1-r1_7mers_1111111.txt.gz,a486c901fcb0128ae115e9f97461043be66dd62080f60d8da53d5a4162f6c3a1,https://www.ncbi.nlm.nih.gov/geo/query/acc.cgi?acc=GSM7593072
GSE237017,GSM7593072,DBP1,DBP1,300uM,1,DBP1 at 300uM concentration replicate 1,GPL23935,47,AAAAGTG,CACTTTT,CACTTTT,primary_column,0.17658,983.18,0.1313,GSM7593072_dbp1-r1_7mers_1111111.txt.gz,a486c901fcb0128ae115e9f97461043be66dd62080f60d8da53d5a4162f6c3a1,https://www.ncbi.nlm.nih.gov/geo/query/acc.cgi?acc=GSM7593072
GSE237017,GSM7593072,DBP1,DBP1,300uM,1,DBP1 at 300uM concentration replicate 1,GPL23935,48,AAAAGTT,AACTTTT,AACTTTT,primary_column,-0.01508,986.42,0.2589,GSM7593072_dbp1-r1_7mers_1111111.txt.gz,a486c901fcb0128ae115e9f97461043be66dd62080f60d8da53d5a4162f6c3a1,https://www.ncbi.nlm.nih.gov/geo/query/acc.cgi?acc=GSM7593072
GSE237017,GSM7593072,DBP1,DBP1,300uM,1,DBP1 at 300uM concentration replicate 1,GPL23935,49,AAAATAA,TTATTTT,TTATTTT,primary_column,-0.14277,969.86,-0.3988,GSM7593072_dbp1-r1_7mers_1111111.txt.gz,a486c901fcb0128ae115e9f97461043be66dd62080f60d8da53d5a4162f6c3a1,https://www.ncbi.nlm.nih.gov/geo/query/acc.cgi?acc=GSM7593072
GSE237017,GSM7593072,DBP1,DBP1,300uM,1,DBP1 at 300uM concentration replicate 1,GPL23935,50,AAAATAC,GTATTTT,GTATTTT,primary_column,0.01784,985.04,0.2047,GSM7593072_dbp1-r1_7mers_1111111.txt.gz,a486c901fcb0128ae115e9f97461043be66dd62080f60d8da53d5a4162f6c3a1,https://www.ncbi.nlm.nih.gov/geo/query/acc.cgi?acc=GSM7593072
GSE237017,GSM7593072,DBP1,DBP1,300uM,1,DBP1 at 300uM concentration replicate 1,GPL23935,51,AAAATAG,CTATTTT,CTATTTT,primary_column,0.12618,993.97,0.5551,GSM7593072_dbp1-r1_7mers_1111111.txt.gz,a486c901fcb0128ae115e9f97461043be66dd62080f60d8da53d5a4162f6c3a1,https://www.ncbi.nlm.nih.gov/geo/query/acc.cgi?acc=GSM7593072
GSE237017,GSM7593072,DBP1,DBP1,300uM,1,DBP1 at 300uM concentration replicate 1,GPL23935,52,AAAATAT,ATATTTT,ATATTTT,primary_column,0.22842,1058.17,2.9864,GSM7593072_dbp1-r1_7mers_1111111.txt.gz,a486c901fcb0128ae115e9f97461043be66dd62080f60d8da53d5a4162f6c3a1,https://www.ncbi.nlm.nih.gov/geo/query/acc.cgi?acc=GSM7593072
GSE237017,GSM7593072,DBP1,DBP1,300uM,1,DBP1 at 300uM concentration replicate 1,GPL23935,53,AAAATCA,TGATTTT,TGATTTT,primary_column,0.00322,990.21,0.4079,GSM7593072_dbp1-r1_7mers_1111111.txt.gz,a486c901fcb0128ae115e9f97461043be66dd62080f60d8da53d5a4162f6c3a1,https://www.ncbi.nlm.nih.gov/geo/query/acc.cgi?acc=GSM7593072
GSE237017,GSM7593072,DBP1,DBP1,300uM,1,DBP1 at 300uM concentration replicate 1,GPL23935,54,AAAATCC,GGATTTT,GGATTTT,primary_column,0.14649,1011.84,1.2473,GSM7593072_dbp1-r1_7mers_1111111.txt.gz,a486c901fcb0128ae115e9f97461043be66dd62080f60d8da53d5a4162f6c3a1,https://www.ncbi.nlm.nih.gov/geo/query/acc.cgi?acc=GSM7593072
GSE237017,GSM7593072,DBP1,DBP1,300uM,1,DBP1 at 300uM concentration replicate 1,GPL23935,55,AAAATCG,CGATTTT,CGATTTT,primary_column,-0.09943,961.86,-0.7205,GSM7593072_dbp1-r1_7mers_1111111.txt.gz,a486c901fcb0128ae115e9f97461043be66dd62080f60d8da53d5a4162f6c3a1,https://www.ncbi.nlm.nih.gov/geo/query/acc.cgi?acc=GSM7593072
GSE237017,GSM7593072,DBP1,DBP1,300uM,1,DBP1 at 300uM concentration replicate 1,GPL23935,56,AAAATCT,AGATTTT,AGATTTT,primary_column,-0.08689,950.28,-1.191,GSM7593072_dbp1-r1_7mers_1111111.txt.gz,a486c901fcb0128ae115e9f97461043be66dd62080f60d8da53d5a4162f6c3a1,https://www.ncbi.nlm.nih.gov/geo/query/acc.cgi?acc=GSM7593072
GSE237017,GSM7593072,DBP1,DBP1,300uM,1,DBP1 at 300uM concentration replicate 1,GPL23935,57,AAAATGA,TCATTTT,TCATTTT,primary_column,0.10935,998.02,0.7128,GSM7593072_dbp1-r1_7mers_1111111.txt.gz,a486c901fcb0128ae115e9f97461043be66dd62080f60d8da53d5a4162f6c3a1,https://www.ncbi.nlm.nih.gov/geo/query/acc.cgi?acc=GSM7593072
GSE237017,GSM7593072,DBP1,DBP1,300uM,1,DBP1 at 300uM concentration replicate 1,GPL23935,58,AAAATGC,GCATTTT,GCATTTT,primary_column,-0.06001,969.3,-0.4212,GSM7593072_dbp1-r1_7mers_1111111.txt.gz,a486c901fcb0128ae115e9f97461043be66dd62080f60d8da53d5a4162f6c3a1,https://www.ncbi.nlm.nih.gov/geo/query/acc.cgi?acc=GSM7593072
GSE237017,GSM7593072,DBP1,DBP1,300uM,1,DBP1 at 300uM concentration replicate 1,GPL23935,59,AAAATGG,CCATTTT,CCATTTT,primary_column,-0.12734,949.76,-1.2123,GSM7593072_dbp1-r1_7mers_1111111.txt.gz,a486c901fcb0128ae115e9f97461043be66dd62080f60d8da53d5a4162f6c3a1,https://www.ncbi.nlm.nih.gov/geo/query/acc.cgi?acc=GSM7593072
GSE237017,GSM7593072,DBP1,DBP1,300uM,1,DBP1 at 300uM concentration replicate 1,GPL23935,60,AAAATGT,ACATTTT,ACATTTT,primary_column,0.09038,1018.58,1.5052,GSM7593072_dbp1-r1_7mers_1111111.txt.gz,a486c901fcb0128ae115e9f97461043be66dd62080f60d8da53d5a4162f6c3a1,https://www.ncbi.nlm.nih.gov/geo/query/acc.cgi?acc=GSM7593072
GSE237017,GSM7593072,DBP1,DBP1,300uM,1,DBP1 at 300uM concentration replicate 1,GPL23935,61,AAAATTA,TAATTTT,TAATTTT,primary_column,-0.00158,974.89,-0.1978,GSM7593072_dbp1-r1_7mers_1111111.txt.gz,a486c901fcb0128ae115e9f97461043be66dd62080f60d8da53d5a4162f6c3a1,https://www.ncbi.nlm.nih.gov/geo/query/acc.cgi?acc=GSM7593072
GSE237017,GSM7593072,DBP1,DBP1,300uM,1,DBP1 at 300uM concentration replicate 1,GPL23935,62,AAAATTC,GAATTTT,GAATTTT,primary_column,-0.02204,974.11,-0.2289,GSM7593072_dbp1-r1_7mers_1111111.txt.gz,a486c901fcb0128ae115e9f97461043be66dd62080f60d8da53d5a4162f6c3a1,https://www.ncbi.nlm.nih.gov/geo/query/acc.cgi?acc=GSM7593072
GSE237017,GSM7593072,DBP1,DBP1,300uM,1,DBP1 at 300uM concentration replicate 1,GPL23935,63,AAAATTG,CAATTTT,CAATTTT,primary_column,-0.01826,976.18,-0.1465,GSM7593072_dbp1-r1_7mers_1111111.txt.gz,a486c901fcb0128ae115e9f97461043be66dd62080f60d8da53d5a4162f6c3a1,https://www.ncbi.nlm.nih.gov/geo/query/acc.cgi?acc=GSM7593072
GSE237017,GSM7593072,DBP1,DBP1,300uM,1,DBP1 at 300uM concentration replicate 1,GPL23935,64,AAAATTT,AAATTTT,AAATTTT,primary_column,-0.12385,966.71,-0.5251,GSM7593072_dbp1-r1_7mers_1111111.txt.gz,a486c901fcb0128ae115e9f97461043be66dd62080f60d8da53d5a4162f6c3a1,https://www.ncbi.nlm.nih.gov/geo/query/acc.cgi?acc=GSM7593072
GSE237017,GSM7593072,DBP1,DBP1,300uM,1,DBP1 at 300uM concentration replicate 1,GPL23935,65,AAACAAA,TTTGTTT,TTTGTTT,primary_column,-0.0383,953.52,-1.0588,GSM7593072_dbp1-r1_7mers_1111111.txt.gz,a486c901fcb0128ae115e9f97461043be66dd62080f60d8da53d5a4162f6c3a1,https://www.ncbi.nlm.nih.gov/geo/query/acc.cgi?acc=GSM7593072
GSE237017,GSM7593072,DBP1,DBP1,300uM,1,DBP1 at 300uM concentration replicate 1,GPL23935,66,AAACAAC,GTTGTTT,GTTGTTT,primary_column,-0.16131,955.59,-0.9746,GSM7593072_dbp1-r1_7mers_1111111.txt.gz,a486c901fcb0128ae115e9f97461043be66dd62080f60d8da53d5a4162f6c3a1,https://www.ncbi.nlm.nih.gov/geo/query/acc.cgi?acc=GSM7593072
GSE237017,GSM7593072,DBP1,DBP1,300uM,1,DBP1 at 300uM concentration replicate 1,GPL23935,67,AAACAAG,CTTGTTT,CTTGTTT,primary_column,-0.12338,955.37,-0.9835,GSM7593072_dbp1-r1_7mers_1111111.txt.gz,a486c901fcb0128ae115e9f97461043be66dd62080f60d8da53d5a4162f6c3a1,https://www.ncbi.nlm.nih.gov/geo/query/acc.cgi?acc=GSM7593072
GSE237017,GSM7593072,DBP1,DBP1,300uM,1,DBP1 at 300uM concentration replicate 1,GPL23935,68,AAACAAT,ATTGTTT,ATTGTTT,primary_column,0.10293,1016.71,1.4338,GSM7593072_dbp1-r1_7mers_1111111.txt.gz,a486c901fcb0128ae115e9f97461043be66dd62080f60d8da53d5a4162f6c3a1,https://www.ncbi.nlm.nih.gov/geo/query/acc.cgi?acc=GSM7593072
GSE237017,GSM7593072,DBP1,DBP1,300uM,1,DBP1 at 300uM concentration replicate 1,GPL23935,69,AAACACA,TGTGTTT,TGTGTTT,primary_column,0.16345,1029.85,1.9326,GSM7593072_dbp1-r1_7mers_1111111.txt.gz,a486c901fcb0128ae115e9f97461043be66dd62080f60d8da53d5a4162f6c3a1,https://www.ncbi.nlm.nih.gov/geo/query/acc.cgi?acc=GSM7593072
GSE237017,GSM7593072,DBP1,DBP1,300uM,1,DBP1 at 300uM concentration replicate 1,GPL23935,70,AAACACC,GGTGTTT,GGTGTTT,primary_column,0.1227,1007.49,1.0799,GSM7593072_dbp1-r1_7mers_1111111.txt.gz,a486c901fcb0128ae115e9f97461043be66dd62080f60d8da53d5a4162f6c3a1,https://www.ncbi.nlm.nih.gov/geo/query/acc.cgi?acc=GSM7593072
GSE237017,GSM7593072,DBP1,DBP1,300uM,1,DBP1 at 300uM concentration replicate 1,GPL23935,71,AAACACG,CGTGTTT,CGTGTTT,primary_column,0.03865,1001.98,0.8669,GSM7593072_dbp1-r1_7mers_1111111.txt.gz,a486c901fcb0128ae115e9f97461043be66dd62080f60d8da53d5a4162f6c3a1,https://www.ncbi.nlm.nih.gov/geo/query/acc.cgi?acc=GSM7593072
GSE237017,GSM7593072,DBP1,DBP1,300uM,1,DBP1 at 300uM concentration replicate 1,GPL23935,72,AAACACT,AGTGTTT,AGTGTTT,primary_column,0.00889,981.84,0.0781,GSM7593072_dbp1-r1_7mers_1111111.txt.gz,a486c901fcb0128ae115e9f97461043be66dd62080f60d8da53d5a4162f6c3a1,https://www.ncbi.nlm.nih.gov/geo/query/acc.cgi?acc=GSM7593072
GSE237017,GSM7593072,DBP1,DBP1,300uM,1,DBP1 at 300uM concentration replicate 1,GPL23935,73,AAACAGA,TCTGTTT,TCTGTTT,primary_column,0.11518,998.11,0.7165,GSM7593072_dbp1-r1_7mers_1111111.txt.gz,a486c901fcb0128ae115e9f97461043be66dd62080f60d8da53d5a4162f6c3a1,https://www.ncbi.nlm.nih.gov/geo/query/acc.cgi?acc=GSM7593072
GSE237017,GSM7593072,DBP1,DBP1,300uM,1,DBP1 at 300uM concentration replicate 1,GPL23935,74,AAACAGC,GCTGTTT,GCTGTTT,primary_column,0.04575,948.69,-1.2559,GSM7593072_dbp1-r1_7mers_1111111.txt.gz,a486c901fcb0128ae115e9f97461043be66dd62080f60d8da53d5a4162f6c3a1,https://www.ncbi.nlm.nih.gov/geo/query/acc.cgi?acc=GSM7593072
GSE237017,GSM7593072,DBP1,DBP1,300uM,1,DBP1 at 300uM concentration replicate 1,GPL23935,75,AAACAGG,CCTGTTT,CCTGTTT,primary_column,-0.014,971.4,-0.3369,GSM7593072_dbp1-r1_7mers_1111111.txt.gz,a486c901fcb0128ae115e9f97461043be66dd62080f60d8da53d5a4162f6c3a1,https://www.ncbi.nlm.nih.gov/geo/query/acc.cgi?acc=GSM7593072
GSE237017,GSM7593072,DBP1,DBP1,300uM,1,DBP1 at 300uM concentration replicate 1,GPL23935,76,AAACAGT,ACTGTTT,ACTGTTT,primary_column,0.11619,992.04,0.4796,GSM7593072_dbp1-r1_7mers_1111111.txt.gz,a486c901fcb0128ae115e9f97461043be66dd62080f60d8da53d5a4162f6c3a1,https://www.ncbi.nlm.nih.gov/geo/query/acc.cgi?acc=GSM7593072
GSE237017,GSM7593072,DBP1,DBP1,300uM,1,DBP1 at 300uM concentration replicate 1,GPL23935,77,AAACATA,TATGTTT,TATGTTT,primary_column,0.14772,1018.71,1.5101,GSM7593072_dbp1-r1_7mers_1111111.txt.gz,a486c901fcb0128ae115e9f97461043be66dd62080f60d8da53d5a4162f6c3a1,https://www.ncbi.nlm.nih.gov/geo/query/acc.cgi?acc=GSM7593072
GSE237017,GSM7593072,DBP1,DBP1,300uM,1,DBP1 at 300uM concentration replicate 1,GPL23935,78,AAACATC,GATGTTT,GATGTTT,primary_column,-0.05943,993.11,0.5215,GSM7593072_dbp1-r1_7mers_1111111.txt.gz,a486c901fcb0128ae115e9f97461043be66dd62080f60d8da53d5a4162f6c3a1,https://www.ncbi.nlm.nih.gov/geo/query/acc.cgi?acc=GSM7593072
GSE237017,GSM7593072,DBP1,DBP1,300uM,1,DBP1 at 300uM concentration replicate 1,GPL23935,79,AAACATG,CATGTTT,CATGTTT,primary_column,0.07925,1002.07,0.8704,GSM7593072_dbp1-r1_7mers_1111111.txt.gz,a486c901fcb0128ae115e9f97461043be66dd62080f60d8da53d5a4162f6c3a1,https://www.ncbi.nlm.nih.gov/geo/query/acc.cgi?acc=GSM7593072
GSE237017,GSM7593072,DBP1,DBP1,300uM,1,DBP1 at 300uM concentration replicate 1,GPL23935,80,AAACATT,AATGTTT,AATGTTT,primary_column,-0.04828,1004.22,0.9538,GSM7593072_dbp1-r1_7mers_1111111.txt.gz,a486c901fcb0128ae115e9f97461043be66dd62080f60d8da53d5a4162f6c3a1,https://www.ncbi.nlm.nih.gov/geo/query/acc.cgi?acc=GSM7593072
GSE237017,GSM7593072,DBP1,DBP1,300uM,1,DBP1 at 300uM concentration replicate 1,GPL23935,81,AAACCAA,TTGGTTT,TTGGTTT,primary_column,-0.16154,948.41,-1.2675,GSM7593072_dbp1-r1_7mers_1111111.txt.gz,a486c901fcb0128ae115e9f97461043be66dd62080f60d8da53d5a4162f6c3a1,https://www.ncbi.nlm.nih.gov/geo/query/acc.cgi?acc=GSM7593072
GSE237017,GSM7593072,DBP1,DBP1,300uM,1,DBP1 at 300uM concentration replicate 1,GPL23935,82,AAACCAC,GTGGTTT,GTGGTTT,primary_column,0.11497,1001.07,0.8316,GSM7593072_dbp1-r1_7mers_1111111.txt.gz,a486c901fcb0128ae115e9f97461043be66dd62080f60d8da53d5a4162f6c3a1,https://www.ncbi.nlm.nih.gov/geo/query/acc.cgi?acc=GSM7593072
GSE237017,GSM7593072,DBP1,DBP1,300uM,1,DBP1 at 300uM concentration replicate 1,GPL23935,83,AAACCAG,CTGGTTT,CTGGTTT,primary_column,0.01839,967.31,-0.501,GSM7593072_dbp1-r1_7mers_1111111.txt.gz,a486c901fcb0128ae115e9f97461043be66dd62080f60d8da53d5a4162f6c3a1,https://www.ncbi.nlm.nih.gov/geo/query/acc.cgi?acc=GSM7593072
GSE237017,GSM7593072,DBP1,DBP1,300uM,1,DBP1 at 300uM concentration replicate 1,GPL23935,84,AAACCAT,ATGGTTT,ATGGTTT,primary_column,-0.10975,951.67,-1.1342,GSM7593072_dbp1-r1_7mers_1111111.txt.gz,a486c901fcb0128ae115e9f97461043be66dd62080f60d8da53d5a4162f6c3a1,https://www.ncbi.nlm.nih.gov/geo/query/acc.cgi?acc=GSM7593072
GSE237017,GSM7593072,DBP1,DBP1,300uM,1,DBP1 at 300uM concentration replicate 1,GPL23935,85,AAACCCA,TGGGTTT,TGGGTTT,primary_column,-0.0279,967.87,-0.4786,GSM7593072_dbp1-r1_7mers_1111111.txt.gz,a486c901fcb0128ae115e9f97461043be66dd62080f60d8da53d5a4162f6c3a1,https://www.ncbi.nlm.nih.gov/geo/query/acc.cgi?acc=GSM7593072
GSE237017,GSM7593072,DBP1,DBP1,300uM,1,DBP1 at 300uM concentration replicate 1,GPL23935,86,AAACCCC,GGGGTTT,GGGGTTT,primary_column,-0.06964,985.55,0.2244,GSM7593072_dbp1-r1_7mers_1111111.txt.gz,a486c901fcb0128ae115e9f97461043be66dd62080f60d8da53d5a4162f6c3a1,https://www.ncbi.nlm.nih.gov/geo/query/acc.cgi?acc=GSM7593072
GSE237017,GSM7593072,DBP1,DBP1,300uM,1,DBP1 at 300uM concentration replicate 1,GPL23935,87,AAACCCG,CGGGTTT,CGGGTTT,primary_column,-0.03641,964.29,-0.6225,GSM7593072_dbp1-r1_7mers_1111111.txt.gz,a486c901fcb0128ae115e9f97461043be66dd62080f60d8da53d5a4162f6c3a1,https://www.ncbi.nlm.nih.gov/geo/query/acc.cgi?acc=GSM7593072
GSE237017,GSM7593072,DBP1,DBP1,300uM,1,DBP1 at 300uM concentration replicate 1,GPL23935,88,AAACCCT,AGGGTTT,AGGGTTT,primary_column,-0.06008,973.72,-0.2443,GSM7593072_dbp1-r1_7mers_1111111.txt.gz,a486c901fcb0128ae115e9f97461043be66dd62080f60d8da53d5a4162f6c3a1,https://www.ncbi.nlm.nih.gov/geo/query/acc.cgi?acc=GSM7593072
GSE237017,GSM7593072,DBP1,DBP1,300uM,1,DBP1 at 300uM concentration replicate 1,GPL23935,89,AAACCGA,TCGGTTT,TCGGTTT,primary_column,0.06044,958.46,-0.8581,GSM7593072_dbp1-r1_7mers_1111111.txt.gz,a486c901fcb0128ae115e9f97461043be66dd62080f60d8da53d5a4162f6c3a1,https://www.ncbi.nlm.nih.gov/geo/query/acc.cgi?acc=GSM7593072
GSE237017,GSM7593072,DBP1,DBP1,300uM,1,DBP1 at 300uM concentration replicate 1,GPL23935,90,AAACCGC,GCGGTTT,GCGGTTT,primary_column,-0.16416,945.41,-1.3906,GSM7593072_dbp1-r1_7mers_1111111.txt.gz,a486c901fcb0128ae115e9f97461043be66dd62080f60d8da53d5a4162f6c3a1,https://www.ncbi.nlm.nih.gov/geo/query/acc.cgi?acc=GSM7593072
GSE237017,GSM7593072,DBP1,DBP1,300uM,1,DBP1 at 300uM concentration replicate 1,GPL23935,91,AAACCGG,CCGGTTT,CCGGTTT,primary_column,-0.17215,945.36,-1.3929,GSM7593072_dbp1-r1_7mers_1111111.txt.gz,a486c901fcb0128ae115e9f97461043be66dd62080f60d8da53d5a4162f6c3a1,https://www.ncbi.nlm.nih.gov/geo/query/acc.cgi?acc=GSM7593072
GSE237017,GSM7593072,DBP1,DBP1,300uM,1,DBP1 at 300uM concentration replicate 1,GPL23935,92,AAACCGT,ACGGTTT,ACGGTTT,primary_column,-0.22107,945.69,-1.3791,GSM7593072_dbp1-r1_7mers_1111111.txt.gz,a486c901fcb0128ae115e9f97461043be66dd62080f60d8da53d5a4162f6c3a1,https://www.ncbi.nlm.nih.gov/geo/query/acc.cgi?acc=GSM7593072
GSE237017,GSM7593072,DBP1,DBP1,300uM,1,DBP1 at 300uM concentration replicate 1,GPL23935,93,AAACCTA,TAGGTTT,TAGGTTT,primary_column,0.08119,1017.78,1.4748,GSM7593072_dbp1-r1_7mers_1111111.txt.gz,a486c901fcb0128ae115e9f97461043be66dd62080f60d8da53d5a4162f6c3a1,https://www.ncbi.nlm.nih.gov/geo/query/acc.cgi?acc=GSM7593072
GSE237017,GSM7593072,DBP1,DBP1,300uM,1,DBP1 at 300uM concentration replicate 1,GPL23935,94,AAACCTC,GAGGTTT,GAGGTTT,primary_column,-0.18564,925.82,-2.204,GSM7593072_dbp1-r1_7mers_1111111.txt.gz,a486c901fcb0128ae115e9f97461043be66dd62080f60d8da53d5a4162f6c3a1,https://www.ncbi.nlm.nih.gov/geo/query/acc.cgi?acc=GSM7593072
GSE237017,GSM7593072,DBP1,DBP1,300uM,1,DBP1 at 300uM concentration replicate 1,GPL23935,95,AAACCTG,CAGGTTT,CAGGTTT,primary_column,-0.11532,937.87,-1.7017,GSM7593072_dbp1-r1_7mers_1111111.txt.gz,a486c901fcb0128ae115e9f97461043be66dd62080f60d8da53d5a4162f6c3a1,https://www.ncbi.nlm.nih.gov/geo/query/acc.cgi?acc=GSM7593072
GSE237017,GSM7593072,DBP1,DBP1,300uM,1,DBP1 at 300uM concentration replicate 1,GPL23935,96,AAACCTT,AAGGTTT,AAGGTTT,primary_column,-0.05055,964.98,-0.5947,GSM7593072_dbp1-r1_7mers_1111111.txt.gz,a486c901fcb0128ae115e9f97461043be66dd62080f60d8da53d5a4162f6c3a1,https://www.ncbi.nlm.nih.gov/geo/query/acc.cgi?acc=GSM7593072
GSE237017,GSM7593072,DBP1,DBP1,300uM,1,DBP1 at 300uM concentration replicate 1,GPL23935,97,AAACGAA,TTCGTTT,TTCGTTT,primary_column,-0.0408,962.53,-0.6935,GSM7593072_dbp1-r1_7mers_1111111.txt.gz,a486c901fcb0128ae115e9f97461043be66dd62080f60d8da53d5a4162f6c3a1,https://www.ncbi.nlm.nih.gov/geo/query/acc.cgi?acc=GSM7593072
GSE237017,GSM7593072,DBP1,DBP1,300uM,1,DBP1 at 300uM concentration replicate 1,GPL23935,98,AAACGAC,GTCGTTT,GTCGTTT,primary_column,0.11155,1013.03,1.2927,GSM7593072_dbp1-r1_7mers_1111111.txt.gz,a486c901fcb0128ae115e9f97461043be66dd62080f60d8da53d5a4162f6c3a1,https://www.ncbi.nlm.nih.gov/geo/query/acc.cgi?acc=GSM7593072
GSE237017,GSM7593072,DBP1,DBP1,300uM,1,DBP1 at 300uM concentration replicate 1,GPL23935,99,AAACGAG,CTCGTTT,CTCGTTT,primary_column,0.04045,988.99,0.36,GSM7593072_dbp1-r1_7mers_1111111.txt.gz,a486c901fcb0128ae115e9f97461043be66dd62080f60d8da53d5a4162f6c3a1,https://www.ncbi.nlm.nih.gov/geo/query/acc.cgi?acc=GSM7593072
GSE237017,GSM7593072,DBP1,DBP1,300uM,1,DBP1 at 300uM concentration replicate 1,GPL23935,100,AAACGAT,ATCGTTT,ATCGTTT,primary_column,-0.15064,956.32,-0.9449,GSM7593072_dbp1-r1_7mers_1111111.txt.gz,a486c901fcb0128ae115e9f97461043be66dd62080f60d8da53d5a4162f6c3a1,https://www.ncbi.nlm.nih.gov/geo/query/acc.cgi?acc=GSM7593072
GSE237017,GSM7593072,DBP1,DBP1,300uM,1,DBP1 at 300uM concentration replicate 1,GPL23935,101,AAACGCA,TGCGTTT,TGCGTTT,primary_column,-0.01029,986.35,0.2559,GSM7593072_dbp1-r1_7mers_1111111.txt.gz,a486c901fcb0128ae115e9f97461043be66dd62080f60d8da53d5a4162f6c3a1,https://www.ncbi.nlm.nih.gov/geo/query/acc.cgi?acc=GSM7593072
GSE237017,GSM7593072,DBP1,DBP1,300uM,1,DBP1 at 300uM concentration replicate 1,GPL23935,102,AAACGCC,GGCGTTT,GGCGTTT,primary_column,-0.08825,934.6,-1.8373,GSM7593072_dbp1-r1_7mers_1111111.txt.gz,a486c901fcb0128ae115e9f97461043be66dd62080f60d8da53d5a4162f6c3a1,https://www.ncbi.nlm.nih.gov/geo/query/acc.cgi?acc=GSM7593072
GSE237017,GSM7593072,DBP1,DBP1,300uM,1,DBP1 at 300uM concentration replicate 1,GPL23935,103,AAACGCG,CGCGTTT,CGCGTTT,primary_column,-0.10786,965.29,-0.5822,GSM7593072_dbp1-r1_7mers_1111111.txt.gz,a486c901fcb0128ae115e9f97461043be66dd62080f60d8da53d5a4162f6c3a1,https://www.ncbi.nlm.nih.gov/geo/query/acc.cgi?acc=GSM7593072
GSE237017,GSM7593072,DBP1,DBP1,300uM,1,DBP1 at 300uM concentration replicate 1,GPL23935,104,AAACGCT,AGCGTTT,AGCGTTT,primary_column,-0.25954,960.82,-0.7625,GSM7593072_dbp1-r1_7mers_1111111.txt.gz,a486c901fcb0128ae115e9f97461043be66dd62080f60d8da53d5a4162f6c3a1,https://www.ncbi.nlm.nih.gov/geo/query/acc.cgi?acc=GSM7593072
GSE237017,GSM7593072,DBP1,DBP1,300uM,1,DBP1 at 300uM concentration replicate 1,GPL23935,105,AAACGGA,TCCGTTT,TCCGTTT,primary_column,-0.01083,976.37,-0.1389,GSM7593072_dbp1-r1_7mers_1111111.txt.gz,a486c901fcb0128ae115e9f97461043be66dd62080f60d8da53d5a4162f6c3a1,https://www.ncbi.nlm.nih.gov/geo/query/acc.cgi?acc=GSM7593072
GSE237017,GSM7593072,DBP1,DBP1,300uM,1,DBP1 at 300uM concentration replicate 1,GPL23935,106,AAACGGC,GCCGTTT,GCCGTTT,primary_column,-0.05585,995.54,0.6164,GSM7593072_dbp1-r1_7mers_1111111.txt.gz,a486c901fcb0128ae115e9f97461043be66dd62080f60d8da53d5a4162f6c3a1,https://www.ncbi.nlm.nih.gov/geo/query/acc.cgi?acc=GSM7593072
GSE237017,GSM7593072,DBP1,DBP1,300uM,1,DBP1 at 300uM concentration replicate 1,GPL23935,107,AAACGGG,CCCGTTT,CCCGTTT,primary_column,-0.10176,960.85,-0.7613,GSM7593072_dbp1-r1_7mers_1111111.txt.gz,a486c901fcb0128ae115e9f97461043be66dd62080f60d8da53d5a4162f6c3a1,https://www.ncbi.nlm.nih.gov/geo/query/acc.cgi?acc=GSM7593072
GSE237017,GSM7593072,DBP1,DBP1,300uM,1,DBP1 at 300uM concentration replicate 1,GPL23935,108,AAACGGT,ACCGTTT,ACCGTTT,primary_column,-0.14824,953.56,-1.0572,GSM7593072_dbp1-r1_7mers_1111111.txt.gz,a486c901fcb0128ae115e9f97461043be66dd62080f60d8da53d5a4162f6c3a1,https://www.ncbi.nlm.nih.gov/geo/query/acc.cgi?acc=GSM7593072
GSE237017,GSM7593072,DBP1,DBP1,300uM,1,DBP1 at 300uM concentration replicate 1,GPL23935,109,AAACGTA,TACGTTT,TACGTTT,primary_column,0.05208,1015.13,1.3734,GSM7593072_dbp1-r1_7mers_1111111.txt.gz,a486c901fcb0128ae115e9f97461043be66dd62080f60d8da53d5a4162f6c3a1,https://www.ncbi.nlm.nih.gov/geo/query/acc.cgi?acc=GSM7593072
GSE237017,GSM7593072,DBP1,DBP1,300uM,1,DBP1 at 300uM concentration replicate 1,GPL23935,110,AAACGTC,GACGTTT,GACGTTT,primary_column,-0.01863,965.29,-0.5822,GSM7593072_dbp1-r1_7mers_1111111.txt.gz,a486c901fcb0128ae115e9f97461043be66dd62080f60d8da53d5a4162f6c3a1,https://www.ncbi.nlm.nih.gov/geo/query/acc.cgi?acc=GSM7593072
GSE237017,GSM7593072,DBP1,DBP1,300uM,1,DBP1 at 300uM concentration replicate 1,GPL23935,111,AAACGTG,CACGTTT,CACGTTT,primary_column,0.06043,992.57,0.5001,GSM7593072_dbp1-r1_7mers_1111111.txt.gz,a486c901fcb0128ae115e9f97461043be66dd62080f60d8da53d5a4162f6c3a1,https://www.ncbi.nlm.nih.gov/geo/query/acc.cgi?acc=GSM7593072
GSE237017,GSM7593072,DBP1,DBP1,300uM,1,DBP1 at 300uM concentration replicate 1,GPL23935,112,AAACGTT,AACGTTT,AACGTTT,primary_column,0.02125,995.07,0.5979,GSM7593072_dbp1-r1_7mers_1111111.txt.gz,a486c901fcb0128ae115e9f97461043be66dd62080f60d8da53d5a4162f6c3a1,https://www.ncbi.nlm.nih.gov/geo/query/acc.cgi?acc=GSM7593072
GSE237017,GSM7593072,DBP1,DBP1,300uM,1,DBP1 at 300uM concentration replicate 1,GPL23935,113,AAACTAA,TTAGTTT,TTAGTTT,primary_column,0.02889,966.95,-0.5155,GSM7593072_dbp1-r1_7mers_1111111.txt.gz,a486c901fcb0128ae115e9f97461043be66dd62080f60d8da53d5a4162f6c3a1,https://www.ncbi.nlm.nih.gov/geo/query/acc.cgi?acc=GSM7593072
GSE237017,GSM7593072,DBP1,DBP1,300uM,1,DBP1 at 300uM concentration replicate 1,GPL23935,114,AAACTAC,GTAGTTT,GTAGTTT,primary_column,0.00892,975.8,-0.1616,GSM7593072_dbp1-r1_7mers_1111111.txt.gz,a486c901fcb0128ae115e9f97461043be66dd62080f60d8da53d5a4162f6c3a1,https://www.ncbi.nlm.nih.gov/geo/query/acc.cgi?acc=GSM7593072
GSE237017,GSM7593072,DBP1,DBP1,300uM,1,DBP1 at 300uM concentration replicate 1,GPL23935,115,AAACTAG,CTAGTTT,CTAGTTT,primary_column,-0.07895,945.42,-1.39,GSM7593072_dbp1-r1_7mers_1111111.txt.gz,a486c901fcb0128ae115e9f97461043be66dd62080f60d8da53d5a4162f6c3a1,https://www.ncbi.nlm.nih.gov/geo/query/acc.cgi?acc=GSM7593072
GSE237017,GSM7593072,DBP1,DBP1,300uM,1,DBP1 at 300uM concentration replicate 1,GPL23935,116,AAACTAT,ATAGTTT,ATAGTTT,primary_column,0.03208,998.02,0.7132,GSM7593072_dbp1-r1_7mers_1111111.txt.gz,a486c901fcb0128ae115e9f97461043be66dd62080f60d8da53d5a4162f6c3a1,https://www.ncbi.nlm.nih.gov/geo/query/acc.cgi?acc=GSM7593072
GSE237017,GSM7593072,DBP1,DBP1,300uM,1,DBP1 at 300uM concentration replicate 1,GPL23935,117,AAACTCA,TGAGTTT,TGAGTTT,primary_column,-0.09094,937.76,-1.7062,GSM7593072_dbp1-r1_7mers_1111111.txt.gz,a486c901fcb0128ae115e9f97461043be66dd62080f60d8da53d5a4162f6c3a1,https://www.ncbi.nlm.nih.gov/geo/query/acc.cgi?acc=GSM7593072
GSE237017,GSM7593072,DBP1,DBP1,300uM,1,DBP1 at 300uM concentration replicate 1,GPL23935,118,AAACTCC,GGAGTTT,GGAGTTT,primary_column,0.04419,973.87,-0.2385,GSM7593072_dbp1-r1_7mers_1111111.txt.gz,a486c901fcb0128ae115e9f97461043be66dd62080f60d8da53d5a4162f6c3a1,https://www.ncbi.nlm.nih.gov/geo/query/acc.cgi?acc=GSM7593072
GSE237017,GSM7593072,DBP1,DBP1,300uM,1,DBP1 at 300uM concentration replicate 1,GPL23935,119,AAACTCG,CGAGTTT,CGAGTTT,primary_column,-0.2772,919.88,-2.454,GSM7593072_dbp1-r1_7mers_1111111.txt.gz,a486c901fcb0128ae115e9f97461043be66dd62080f60d8da53d5a4162f6c3a1,https://www.ncbi.nlm.nih.gov/geo/query/acc.cgi?acc=GSM7593072
GSE237017,GSM7593072,DBP1,DBP1,300uM,1,DBP1 at 300uM concentration replicate 1,GPL23935,120,AAACTCT,AGAGTTT,AGAGTTT,primary_column,-0.05792,979.72,-0.0058,GSM7593072_dbp1-r1_7mers_1111111.txt.gz,a486c901fcb0128ae115e9f97461043be66dd62080f60d8da53d5a4162f6c3a1,https://www.ncbi.nlm.nih.gov/geo/query/acc.cgi?acc=GSM7593072
GSE237017,GSM7593072,DBP1,DBP1,300uM,1,DBP1 at 300uM concentration replicate 1,GPL23935,121,AAACTGA,TCAGTTT,TCAGTTT,primary_column,-0.05373,967.91,-0.477,GSM7593072_dbp1-r1_7mers_1111111.txt.gz,a486c901fcb0128ae115e9f97461043be66dd62080f60d8da53d5a4162f6c3a1,https://www.ncbi.nlm.nih.gov/geo/query/acc.cgi?acc=GSM7593072
GSE237017,GSM7593072,DBP1,DBP1,300uM,1,DBP1 at 300uM concentration replicate 1,GPL23935,122,AAACTGC,GCAGTTT,GCAGTTT,primary_column,-0.10126,960.82,-0.7627,GSM7593072_dbp1-r1_7mers_1111111.txt.gz,a486c901fcb0128ae115e9f97461043be66dd62080f60d8da53d5a4162f6c3a1,https://www.ncbi.nlm.nih.gov/geo/query/acc.cgi?acc=GSM7593072
GSE237017,GSM7593072,DBP1,DBP1,300uM,1,DBP1 at 300uM concentration replicate 1,GPL23935,123,AAACTGG,CCAGTTT,CCAGTTT,primary_column,-0.05572,963.49,-0.6547,GSM7593072_dbp1-r1_7mers_1111111.txt.gz,a486c901fcb0128ae115e9f97461043be66dd62080f60d8da53d5a4162f6c3a1,https://www.ncbi.nlm.nih.gov/geo/query/acc.cgi?acc=GSM7593072
GSE237017,GSM7593072,DBP1,DBP1,300uM,1,DBP1 at 300uM concentration replicate 1,GPL23935,124,AAACTGT,ACAGTTT,ACAGTTT,primary_column,0.05435,1001.58,0.8514,GSM7593072_dbp1-r1_7mers_1111111.txt.gz,a486c901fcb0128ae115e9f97461043be66dd62080f60d8da53d5a4162f6c3a1,https://www.ncbi.nlm.nih.gov/geo/query/acc.cgi?acc=GSM7593072
GSE237017,GSM7593072,DBP1,DBP1,300uM,1,DBP1 at 300uM concentration replicate 1,GPL23935,125,AAACTTA,TAAGTTT,TAAGTTT,primary_column,-0.07592,966.42,-0.5368,GSM7593072_dbp1-r1_7mers_1111111.txt.gz,a486c901fcb0128ae115e9f97461043be66dd62080f60d8da53d5a4162f6c3a1,https://www.ncbi.nlm.nih.gov/geo/query/acc.cgi?acc=GSM7593072
GSE237017,GSM7593072,DBP1,DBP1,300uM,1,DBP1 at 300uM concentration replicate 1,GPL23935,126,AAACTTC,GAAGTTT,GAAGTTT,primary_column,-0.15883,948.01,-1.2837,GSM7593072_dbp1-r1_7mers_1111111.txt.gz,a486c901fcb0128ae115e9f97461043be66dd62080f60d8da53d5a4162f6c3a1,https://www.ncbi.nlm.nih.gov/geo/query/acc.cgi?acc=GSM7593072
GSE237017,GSM7593072,DBP1,DBP1,300uM,1,DBP1 at 300uM concentration replicate 1,GPL23935,127,AAACTTG,CAAGTTT,CAAGTTT,primary_column,-0.19956,939.25,-1.6445,GSM7593072_dbp1-r1_7mers_1111111.txt.gz,a486c901fcb0128ae115e9f97461043be66dd62080f60d8da53d5a4162f6c3a1,https://www.ncbi.nlm.nih.gov/geo/query/acc.cgi?acc=GSM7593072
GSE237017,GSM7593072,DBP1,DBP1,300uM,1,DBP1 at 300uM concentration replicate 1,GPL23935,128,AAACTTT,AAAGTTT,AAAGTTT,primary_column,-0.04569,948.91,-1.2469,GSM7593072_dbp1-r1_7mers_1111111.txt.gz,a486c901fcb0128ae115e9f97461043be66dd62080f60d8da53d5a4162f6c3a1,https://www.ncbi.nlm.nih.gov/geo/query/acc.cgi?acc=GSM7593072
GSE237017,GSM7593072,DBP1,DBP1,300uM,1,DBP1 at 300uM concentration replicate 1,GPL23935,129,AAAGAAA,TTTCTTT,TTTCTTT,primary_column,0.03837,998.09,0.7158,GSM7593072_dbp1-r1_7mers_1111111.txt.gz,a486c901fcb0128ae115e9f97461043be66dd62080f60d8da53d5a4162f6c3a1,https://www.ncbi.nlm.nih.gov/geo/query/acc.cgi?acc=GSM7593072
GSE237017,GSM7593072,DBP1,DBP1,300uM,1,DBP1 at 300uM concentration replicate 1,GPL23935,130,AAAGAAC,GTTCTTT,GTTCTTT,primary_column,-0.11056,949.79,-1.2111,GSM7593072_dbp1-r1_7mers_1111111.txt.gz,a486c901fcb0128ae115e9f97461043be66dd62080f60d8da53d5a4162f6c3a1,https://www.ncbi.nlm.nih.gov/geo/query/acc.cgi?acc=GSM7593072
GSE237017,GSM7593072,DBP1,DBP1,300uM,1,DBP1 at 300uM concentration replicate 1,GPL23935,131,AAAGAAG,CTTCTTT,CTTCTTT,primary_column,-0.05287,966.59,-0.53,GSM7593072_dbp1-r1_7mers_1111111.txt.gz,a486c901fcb0128ae115e9f97461043be66dd62080f60d8da53d5a4162f6c3a1,https://www.ncbi.nlm.nih.gov/geo/query/acc.cgi?acc=GSM7593072
GSE237017,GSM7593072,DBP1,DBP1,300uM,1,DBP1 at 300uM concentration replicate 1,GPL23935,132,AAAGAAT,ATTCTTT,ATTCTTT,primary_column,-0.16779,951.3,-1.1494,GSM7593072_dbp1-r1_7mers_1111111.txt.gz,a486c901fcb0128ae115e9f97461043be66dd62080f60d8da53d5a4162f6c3a1,https://www.ncbi.nlm.nih.gov/geo/query/acc.cgi?acc=GSM7593072
GSE237017,GSM7593072,DBP1,DBP1,300uM,1,DBP1 at 300uM concentration replicate 1,GPL23935,133,AAAGACA,TGTCTTT,TGTCTTT,primary_column,0.15928,1017.51,1.4645,GSM7593072_dbp1-r1_7mers_1111111.txt.gz,a486c901fcb0128ae115e9f97461043be66dd62080f60d8da53d5a4162f6c3a1,https://www.ncbi.nlm.nih.gov/geo/query/acc.cgi?acc=GSM7593072
GSE237017,GSM7593072,DBP1,DBP1,300uM,1,DBP1 at 300uM concentration replicate 1,GPL23935,134,AAAGACC,GGTCTTT,GGTCTTT,primary_column,0.05552,968.69,-0.4457,GSM7593072_dbp1-r1_7mers_1111111.txt.gz,a486c901fcb0128ae115e9f97461043be66dd62080f60d8da53d5a4162f6c3a1,https://www.ncbi.nlm.nih.gov/geo/query/acc.cgi?acc=GSM7593072
GSE237017,GSM7593072,DBP1,DBP1,300uM,1,DBP1 at 300uM concentration replicate 1,GPL23935,135,AAAGACG,CGTCTTT,CGTCTTT,primary_column,-0.05851,977.56,-0.0916,GSM7593072_dbp1-r1_7mers_1111111.txt.gz,a486c901fcb0128ae115e9f97461043be66dd62080f60d8da53d5a4162f6c3a1,https://www.ncbi.nlm.nih.gov/geo/query/acc.cgi?acc=GSM7593072
GSE237017,GSM7593072,DBP1,DBP1,300uM,1,DBP1 at 300uM concentration replicate 1,GPL23935,136,AAAGACT,AGTCTTT,AGTCTTT,primary_column,-0.02638,970.73,-0.3639,GSM7593072_dbp1-r1_7mers_1111111.txt.gz,a486c901fcb0128ae115e9f97461043be66dd62080f60d8da53d5a4162f6c3a1,https://www.ncbi.nlm.nih.gov/geo/query/acc.cgi?acc=GSM7593072
GSE237017,GSM7593072,DBP1,DBP1,300uM,1,DBP1 at 300uM concentration replicate 1,GPL23935,137,AAAGAGA,TCTCTTT,TCTCTTT,primary_column,0.08038,1014.65,1.355,GSM7593072_dbp1-r1_7mers_1111111.txt.gz,a486c901fcb0128ae115e9f97461043be66dd62080f60d8da53d5a4162f6c3a1,https://www.ncbi.nlm.nih.gov/geo/query/acc.cgi?acc=GSM7593072
GSE237017,GSM7593072,DBP1,DBP1,300uM,1,DBP1 at 300uM concentration replicate 1,GPL23935,138,AAAGAGC,GCTCTTT,GCTCTTT,primary_column,-0.17608,953.44,-1.0621,GSM7593072_dbp1-r1_7mers_1111111.txt.gz,a486c901fcb0128ae115e9f97461043be66dd62080f60d8da53d5a4162f6c3a1,https://www.ncbi.nlm.nih.gov/geo/query/acc.cgi?acc=GSM7593072
GSE237017,GSM7593072,DBP1,DBP1,300uM,1,DBP1 at 300uM concentration replicate 1,GPL23935,139,AAAGAGG,CCTCTTT,CCTCTTT,primary_column,0.1315,975.42,-0.1767,GSM7593072_dbp1-r1_7mers_1111111.txt.gz,a486c901fcb0128ae115e9f97461043be66dd62080f60d8da53d5a4162f6c3a1,https://www.ncbi.nlm.nih.gov/geo/query/acc.cgi?acc=GSM7593072
GSE237017,GSM7593072,DBP1,DBP1,300uM,1,DBP1 at 300uM concentration replicate 1,GPL23935,140,AAAGAGT,ACTCTTT,ACTCTTT,primary_column,-0.03224,961.13,-0.7498,GSM7593072_dbp1-r1_7mers_1111111.txt.gz,a486c901fcb0128ae115e9f97461043be66dd62080f60d8da53d5a4162f6c3a1,https://www.ncbi.nlm.nih.gov/geo/query/acc.cgi?acc=GSM7593072
GSE237017,GSM7593072,DBP1,DBP1,300uM,1,DBP1 at 300uM concentration replicate 1,GPL23935,141,AAAGATA,TATCTTT,TATCTTT,primary_column,0.09478,999.3,0.7628,GSM7593072_dbp1-r1_7mers_1111111.txt.gz,a486c901fcb0128ae115e9f97461043be66dd62080f60d8da53d5a4162f6c3a1,https://www.ncbi.nlm.nih.gov/geo/query/acc.cgi?acc=GSM7593072
GSE237017,GSM7593072,DBP1,DBP1,300uM,1,DBP1 at 300uM concentration replicate 1,GPL23935,142,AAAGATC,GATCTTT,GATCTTT,primary_column,-0.00089,1003.13,0.9114,GSM7593072_dbp1-r1_7mers_1111111.txt.gz,a486c901fcb0128ae115e9f97461043be66dd62080f60d8da53d5a4162f6c3a1,https://www.ncbi.nlm.nih.gov/geo/query/acc.cgi?acc=GSM7593072
GSE237017,GSM7593072,DBP1,DBP1,300uM,1,DBP1 at 300uM concentration replicate 1,GPL23935,143,AAAGATG,CATCTTT,CATCTTT,primary_column,-0.02024,984.14,0.169,GSM7593072_dbp1-r1_7mers_1111111.txt.gz,a486c901fcb0128ae115e9f97461043be66dd62080f60d8da53d5a4162f6c3a1,https://www.ncbi.nlm.nih.gov/geo/query/acc.cgi?acc=GSM7593072
GSE237017,GSM7593072,DBP1,DBP1,300uM,1,DBP1 at 300uM concentration replicate 1,GPL23935,144,AAAGATT,AATCTTT,AATCTTT,primary_column,-0.10539,966.91,-0.5171,GSM7593072_dbp1-r1_7mers_1111111.txt.gz,a486c901fcb0128ae115e9f97461043be66dd62080f60d8da53d5a4162f6c3a1,https://www.ncbi.nlm.nih.gov/geo/query/acc.cgi?acc=GSM7593072
GSE237017,GSM7593072,DBP1,DBP1,300uM,1,DBP1 at 300uM concentration replicate 1,GPL23935,145,AAAGCAA,TTGCTTT,TTGCTTT,primary_column,-0.27833,953.61,-1.0553,GSM7593072_dbp1-r1_7mers_1111111.txt.gz,a486c901fcb0128ae115e9f97461043be66dd62080f60d8da53d5a4162f6c3a1,https://www.ncbi.nlm.nih.gov/geo/query/acc.cgi?acc=GSM7593072
GSE237017,GSM7593072,DBP1,DBP1,300uM,1,DBP1 at 300uM concentration replicate 1,GPL23935,146,AAAGCAC,GTGCTTT,GTGCTTT,primary_column,-0.00654,990.78,0.4304,GSM7593072_dbp1-r1_7mers_1111111.txt.gz,a486c901fcb0128ae115e9f97461043be66dd62080f60d8da53d5a4162f6c3a1,https://www.ncbi.nlm.nih.gov/geo/query/acc.cgi?acc=GSM7593072
GSE237017,GSM7593072,DBP1,DBP1,300uM,1,DBP1 at 300uM concentration replicate 1,GPL23935,147,AAAGCAG,CTGCTTT,CTGCTTT,primary_column,-0.18146,940.67,-1.5859,GSM7593072_dbp1-r1_7mers_1111111.txt.gz,a486c901fcb0128ae115e9f97461043be66dd62080f60d8da53d5a4162f6c3a1,https://www.ncbi.nlm.nih.gov/geo/query/acc.cgi?acc=GSM7593072
GSE237017,GSM7593072,DBP1,DBP1,300uM,1,DBP1 at 300uM concentration replicate 1,GPL23935,148,AAAGCAT,ATGCTTT,ATGCTTT,primary_column,-0.08307,973.69,-0.2457,GSM7593072_dbp1-r1_7mers_1111111.txt.gz,a486c901fcb0128ae115e9f97461043be66dd62080f60d8da53d5a4162f6c3a1,https://www.ncbi.nlm.nih.gov/geo/query/acc.cgi?acc=GSM7593072
GSE237017,GSM7593072,DBP1,DBP1,300uM,1,DBP1 at 300uM concentration replicate 1,GPL23935,149,AAAGCCA,TGGCTTT,TGGCTTT,primary_column,-0.12573,925.08,-2.235,GSM7593072_dbp1-r1_7mers_1111111.txt.gz,a486c901fcb0128ae115e9f97461043be66dd62080f60d8da53d5a4162f6c3a1,https://www.ncbi.nlm.nih.gov/geo/query/acc.cgi?acc=GSM7593072
GSE237017,GSM7593072,DBP1,DBP1,300uM,1,DBP1 at 300uM concentration replicate 1,GPL23935,150,AAAGCCC,GGGCTTT,GGGCTTT,primary_column,-0.22316,956.73,-0.9283,GSM7593072_dbp1-r1_7mers_1111111.txt.gz,a486c901fcb0128ae115e9f97461043be66dd62080f60d8da53d5a4162f6c3a1,https://www.ncbi.nlm.nih.gov/geo/query/acc.cgi?acc=GSM7593072
GSE237017,GSM7593072,DBP1,DBP1,300uM,1,DBP1 at 300uM concentration replicate 1,GPL23935,151,AAAGCCG,CGGCTTT,CGGCTTT,primary_column,-0.24023,938.46,-1.6772,GSM7593072_dbp1-r1_7mers_1111111.txt.gz,a486c901fcb0128ae115e9f97461043be66dd62080f60d8da53d5a4162f6c3a1,https://www.ncbi.nlm.nih.gov/geo/query/acc.cgi?acc=GSM7593072
GSE237017,GSM7593072,DBP1,DBP1,300uM,1,DBP1 at 300uM concentration replicate 1,GPL23935,152,AAAGCCT,AGGCTTT,AGGCTTT,primary_column,-0.09835,941.36,-1.5574,GSM7593072_dbp1-r1_7mers_1111111.txt.gz,a486c901fcb0128ae115e9f97461043be66dd62080f60d8da53d5a4162f6c3a1,https://www.ncbi.nlm.nih.gov/geo/query/acc.cgi?acc=GSM7593072
GSE237017,GSM7593072,DBP1,DBP1,300uM,1,DBP1 at 300uM concentration replicate 1,GPL23935,153,AAAGCGA,TCGCTTT,TCGCTTT,primary_column,0.06245,981.34,0.0583,GSM7593072_dbp1-r1_7mers_1111111.txt.gz,a486c901fcb0128ae115e9f97461043be66dd62080f60d8da53d5a4162f6c3a1,https://www.ncbi.nlm.nih.gov/geo/query/acc.cgi?acc=GSM7593072
GSE237017,GSM7593072,DBP1,DBP1,300uM,1,DBP1 at 300uM concentration replicate 1,GPL23935,154,AAAGCGC,GCGCTTT,GCGCTTT,primary_column,-0.09866,952.68,-1.093,GSM7593072_dbp1-r1_7mers_1111111.txt.gz,a486c901fcb0128ae115e9f97461043be66dd62080f60d8da53d5a4162f6c3a1,https://www.ncbi.nlm.nih.gov/geo/query/acc.cgi?acc=GSM7593072
GSE237017,GSM7593072,DBP1,DBP1,300uM,1,DBP1 at 300uM concentration replicate 1,GPL23935,155,AAAGCGG,CCGCTTT,CCGCTTT,primary_column,-0.12571,949.36,-1.2286,GSM7593072_dbp1-r1_7mers_1111111.txt.gz,a486c901fcb0128ae115e9f97461043be66dd62080f60d8da53d5a4162f6c3a1,https://www.ncbi.nlm.nih.gov/geo/query/acc.cgi?acc=GSM7593072
GSE237017,GSM7593072,DBP1,DBP1,300uM,1,DBP1 at 300uM concentration replicate 1,GPL23935,156,AAAGCGT,ACGCTTT,ACGCTTT,primary_column,0.09136,998.78,0.7426,GSM7593072_dbp1-r1_7mers_1111111.txt.gz,a486c901fcb0128ae115e9f97461043be66dd62080f60d8da53d5a4162f6c3a1,https://www.ncbi.nlm.nih.gov/geo/query/acc.cgi?acc=GSM7593072
GSE237017,GSM7593072,DBP1,DBP1,300uM,1,DBP1 at 300uM concentration replicate 1,GPL23935,157,AAAGCTA,TAGCTTT,TAGCTTT,primary_column,-0.07474,972.6,-0.2892,GSM7593072_dbp1-r1_7mers_1111111.txt.gz,a486c901fcb0128ae115e9f97461043be66dd62080f60d8da53d5a4162f6c3a1,https://www.ncbi.nlm.nih.gov/geo/query/acc.cgi?acc=GSM7593072
GSE237017,GSM7593072,DBP1,DBP1,300uM,1,DBP1 at 300uM concentration replicate 1,GPL23935,158,AAAGCTC,GAGCTTT,GAGCTTT,primary_column,-0.2371,924.23,-2.2708,GSM7593072_dbp1-r1_7mers_1111111.txt.gz,a486c901fcb0128ae115e9f97461043be66dd62080f60d8da53d5a4162f6c3a1,https://www.ncbi.nlm.nih.gov/geo/query/acc.cgi?acc=GSM7593072
GSE237017,GSM7593072,DBP1,DBP1,300uM,1,DBP1 at 300uM concentration replicate 1,GPL23935,159,AAAGCTG,CAGCTTT,CAGCTTT,primary_column,0.00017,966.27,-0.5428,GSM7593072_dbp1-r1_7mers_1111111.txt.gz,a486c901fcb0128ae115e9f97461043be66dd62080f60d8da53d5a4162f6c3a1,https://www.ncbi.nlm.nih.gov/geo/query/acc.cgi?acc=GSM7593072
GSE237017,GSM7593072,DBP1,DBP1,300uM,1,DBP1 at 300uM concentration replicate 1,GPL23935,160,AAAGCTT,AAGCTTT,AAGCTTT,primary_column,-0.1473,955.35,-0.9843,GSM7593072_dbp1-r1_7mers_1111111.txt.gz,a486c901fcb0128ae115e9f97461043be66dd62080f60d8da53d5a4162f6c3a1,https://www.ncbi.nlm.nih.gov/geo/query/acc.cgi?acc=GSM7593072
GSE237017,GSM7593072,DBP1,DBP1,300uM,1,DBP1 at 300uM concentration replicate 1,GPL23935,161,AAAGGAA,TTCCTTT,TTCCTTT,primary_column,-0.04563,963.58,-0.6513,GSM7593072_dbp1-r1_7mers_1111111.txt.gz,a486c901fcb0128ae115e9f97461043be66dd62080f60d8da53d5a4162f6c3a1,https://www.ncbi.nlm.nih.gov/geo/query/acc.cgi?acc=GSM7593072
GSE237017,GSM7593072,DBP1,DBP1,300uM,1,DBP1 at 300uM concentration replicate 1,GPL23935,162,AAAGGAC,GTCCTTT,GTCCTTT,primary_column,-0.02449,975.72,-0.1648,GSM7593072_dbp1-r1_7mers_1111111.txt.gz,a486c901fcb0128ae115e9f97461043be66dd62080f60d8da53d5a4162f6c3a1,https://www.ncbi.nlm.nih.gov/geo/query/acc.cgi?acc=GSM7593072
GSE237017,GSM7593072,DBP1,DBP1,300uM,1,DBP1 at 300uM concentration replicate 1,GPL23935,163,AAAGGAG,CTCCTTT,CTCCTTT,primary_column,-0.0936,965.73,-0.5645,GSM7593072_dbp1-r1_7mers_1111111.txt.gz,a486c901fcb0128ae115e9f97461043be66dd62080f60d8da53d5a4162f6c3a1,https://www.ncbi.nlm.nih.gov/geo/query/acc.cgi?acc=GSM7593072
GSE237017,GSM7593072,DBP1,DBP1,300uM,1,DBP1 at 300uM concentration replicate 1,GPL23935,164,AAAGGAT,ATCCTTT,ATCCTTT,primary_column,-0.02066,963.0,-0.6745,GSM7593072_dbp1-r1_7mers_1111111.txt.gz,a486c901fcb0128ae115e9f97461043be66dd62080f60d8da53d5a4162f6c3a1,https://www.ncbi.nlm.nih.gov/geo/query/acc.cgi?acc=GSM7593072
GSE237017,GSM7593072,DBP1,DBP1,300uM,1,DBP1 at 300uM concentration replicate 1,GPL23935,165,AAAGGCA,TGCCTTT,TGCCTTT,primary_column,-0.11814,950.08,-1.1992,GSM7593072_dbp1-r1_7mers_1111111.txt.gz,a486c901fcb0128ae115e9f97461043be66dd62080f60d8da53d5a4162f6c3a1,https://www.ncbi.nlm.nih.gov/geo/query/acc.cgi?acc=GSM7593072
GSE237017,GSM7593072,DBP1,DBP1,300uM,1,DBP1 at 300uM concentration replicate 1,GPL23935,166,AAAGGCC,GGCCTTT,GGCCTTT,primary_column,-0.243,936.35,-1.7647,GSM7593072_dbp1-r1_7mers_1111111.txt.gz,a486c901fcb0128ae115e9f97461043be66dd62080f60d8da53d5a4162f6c3a1,https://www.ncbi.nlm.nih.gov/geo/query/acc.cgi?acc=GSM7593072
GSE237017,GSM7593072,DBP1,DBP1,300uM,1,DBP1 at 300uM concentration replicate 1,GPL23935,167,AAAGGCG,CGCCTTT,CGCCTTT,primary_column,-0.14743,933.86,-1.8681,GSM7593072_dbp1-r1_7mers_1111111.txt.gz,a486c901fcb0128ae115e9f97461043be66dd62080f60d8da53d5a4162f6c3a1,https://www.ncbi.nlm.nih.gov/geo/query/acc.cgi?acc=GSM7593072
GSE237017,GSM7593072,DBP1,DBP1,300uM,1,DBP1 at 300uM concentration replicate 1,GPL23935,168,AAAGGCT,AGCCTTT,AGCCTTT,primary_column,-0.10187,937.21,-1.729,GSM7593072_dbp1-r1_7mers_1111111.txt.gz,a486c901fcb0128ae115e9f97461043be66dd62080f60d8da53d5a4162f6c3a1,https://www.ncbi.nlm.nih.gov/geo/query/acc.cgi?acc=GSM7593072
GSE237017,GSM7593072,DBP1,DBP1,300uM,1,DBP1 at 300uM concentration replicate 1,GPL23935,169,AAAGGGA,TCCCTTT,TCCCTTT,primary_column,0.08766,986.11,0.2467,GSM7593072_dbp1-r1_7mers_1111111.txt.gz,a486c901fcb0128ae115e9f97461043be66dd62080f60d8da53d5a4162f6c3a1,https://www.ncbi.nlm.nih.gov/geo/query/acc.cgi?acc=GSM7593072
GSE237017,GSM7593072,DBP1,DBP1,300uM,1,DBP1 at 300uM concentration replicate 1,GPL23935,170,AAAGGGC,GCCCTTT,GCCCTTT,primary_column,-0.15115,928.64,-2.0858,GSM7593072_dbp1-r1_7mers_1111111.txt.gz,a486c901fcb0128ae115e9f97461043be66dd62080f60d8da53d5a4162f6c3a1,https://www.ncbi.nlm.nih.gov/geo/query/acc.cgi?acc=GSM7593072
GSE237017,GSM7593072,DBP1,DBP1,300uM,1,DBP1 at 300uM concentration replicate 1,GPL23935,171,AAAGGGG,CCCCTTT,CCCCTTT,primary_column,-0.13684,932.18,-1.938,GSM7593072_dbp1-r1_7mers_1111111.txt.gz,a486c901fcb0128ae115e9f97461043be66dd62080f60d8da53d5a4162f6c3a1,https://www.ncbi.nlm.nih.gov/geo/query/acc.cgi?acc=GSM7593072
GSE237017,GSM7593072,DBP1,DBP1,300uM,1,DBP1 at 300uM concentration replicate 1,GPL23935,172,AAAGGGT,ACCCTTT,ACCCTTT,primary_column,-0.05507,974.8,-0.2014,GSM7593072_dbp1-r1_7mers_1111111.txt.gz,a486c901fcb0128ae115e9f97461043be66dd62080f60d8da53d5a4162f6c3a1,https://www.ncbi.nlm.nih.gov/geo/query/acc.cgi?acc=GSM7593072
GSE237017,GSM7593072,DBP1,DBP1,300uM,1,DBP1 at 300uM concentration replicate 1,GPL23935,173,AAAGGTA,TACCTTT,TACCTTT,primary_column,-0.08539,975.73,-0.1646,GSM7593072_dbp1-r1_7mers_1111111.txt.gz,a486c901fcb0128ae115e9f97461043be66dd62080f60d8da53d5a4162f6c3a1,https://www.ncbi.nlm.nih.gov/geo/query/acc.cgi?acc=GSM7593072
GSE237017,GSM7593072,DBP1,DBP1,300uM,1,DBP1 at 300uM concentration replicate 1,GPL23935,174,AAAGGTC,GACCTTT,GACCTTT,primary_column,-0.09179,952.37,-1.1057,GSM7593072_dbp1-r1_7mers_1111111.txt.gz,a486c901fcb0128ae115e9f97461043be66dd62080f60d8da53d5a4162f6c3a1,https://www.ncbi.nlm.nih.gov/geo/query/acc.cgi?acc=GSM7593072
GSE237017,GSM7593072,DBP1,DBP1,300uM,1,DBP1 at 300uM concentration replicate 1,GPL23935,175,AAAGGTG,CACCTTT,CACCTTT,primary_column,0.12805,982.88,0.1194,GSM7593072_dbp1-r1_7mers_1111111.txt.gz,a486c901fcb0128ae115e9f97461043be66dd62080f60d8da53d5a4162f6c3a1,https://www.ncbi.nlm.nih.gov/geo/query/acc.cgi?acc=GSM7593072
GSE237017,GSM7593072,DBP1,DBP1,300uM,1,DBP1 at 300uM concentration replicate 1,GPL23935,176,AAAGGTT,AACCTTT,AACCTTT,primary_column,-0.16076,946.2,-1.3582,GSM7593072_dbp1-r1_7mers_1111111.txt.gz,a486c901fcb0128ae115e9f97461043be66dd62080f60d8da53d5a4162f6c3a1,https://www.ncbi.nlm.nih.gov/geo/query/acc.cgi?acc=GSM7593072
GSE237017,GSM7593072,DBP1,DBP1,300uM,1,DBP1 at 300uM concentration replicate 1,GPL23935,177,AAAGTAA,TTACTTT,TTACTTT,primary_column,-0.00116,990.5,0.4194,GSM7593072_dbp1-r1_7mers_1111111.txt.gz,a486c901fcb0128ae115e9f97461043be66dd62080f60d8da53d5a4162f6c3a1,https://www.ncbi.nlm.nih.gov/geo/query/acc.cgi?acc=GSM7593072
GSE237017,GSM7593072,DBP1,DBP1,300uM,1,DBP1 at 300uM concentration replicate 1,GPL23935,178,AAAGTAC,GTACTTT,GTACTTT,primary_column,0.02452,985.29,0.2142,GSM7593072_dbp1-r1_7mers_1111111.txt.gz,a486c901fcb0128ae115e9f97461043be66dd62080f60d8da53d5a4162f6c3a1,https://www.ncbi.nlm.nih.gov/geo/query/acc.cgi?acc=GSM7593072
GSE237017,GSM7593072,DBP1,DBP1,300uM,1,DBP1 at 300uM concentration replicate 1,GPL23935,179,AAAGTAG,CTACTTT,CTACTTT,primary_column,-0.20458,959.31,-0.8236,GSM7593072_dbp1-r1_7mers_1111111.txt.gz,a486c901fcb0128ae115e9f97461043be66dd62080f60d8da53d5a4162f6c3a1,https://www.ncbi.nlm.nih.gov/geo/query/acc.cgi?acc=GSM7593072
GSE237017,GSM7593072,DBP1,DBP1,300uM,1,DBP1 at 300uM concentration replicate 1,GPL23935,180,AAAGTAT,ATACTTT,ATACTTT,primary_column,0.17545,1018.61,1.5063,GSM7593072_dbp1-r1_7mers_1111111.txt.gz,a486c901fcb0128ae115e9f97461043be66dd62080f60d8da53d5a4162f6c3a1,https://www.ncbi.nlm.nih.gov/geo/query/acc.cgi?acc=GSM7593072
GSE237017,GSM7593072,DBP1,DBP1,300uM,1,DBP1 at 300uM concentration replicate 1,GPL23935,181,AAAGTCA,TGACTTT,TGACTTT,primary_column,0.21453,1011.64,1.2398,GSM7593072_dbp1-r1_7mers_1111111.txt.gz,a486c901fcb0128ae115e9f97461043be66dd62080f60d8da53d5a4162f6c3a1,https://www.ncbi.nlm.nih.gov/geo/query/acc.cgi?acc=GSM7593072
GSE237017,GSM7593072,DBP1,DBP1,300uM,1,DBP1 at 300uM concentration replicate 1,GPL23935,182,AAAGTCC,GGACTTT,GGACTTT,primary_column,-0.1672,950.67,-1.1751,GSM7593072_dbp1-r1_7mers_1111111.txt.gz,a486c901fcb0128ae115e9f97461043be66dd62080f60d8da53d5a4162f6c3a1,https://www.ncbi.nlm.nih.gov/geo/query/acc.cgi?acc=GSM7593072
GSE237017,GSM7593072,DBP1,DBP1,300uM,1,DBP1 at 300uM concentration replicate 1,GPL23935,183,AAAGTCG,CGACTTT,CGACTTT,primary_column,-0.15839,954.33,-1.0258,GSM7593072_dbp1-r1_7mers_1111111.txt.gz,a486c901fcb0128ae115e9f97461043be66dd62080f60d8da53d5a4162f6c3a1,https://www.ncbi.nlm.nih.gov/geo/query/acc.cgi?acc=GSM7593072
GSE237017,GSM7593072,DBP1,DBP1,300uM,1,DBP1 at 300uM concentration replicate 1,GPL23935,184,AAAGTCT,AGACTTT,AGACTTT,primary_column,-0.049,971.99,-0.3136,GSM7593072_dbp1-r1_7mers_1111111.txt.gz,a486c901fcb0128ae115e9f97461043be66dd62080f60d8da53d5a4162f6c3a1,https://www.ncbi.nlm.nih.gov/geo/query/acc.cgi?acc=GSM7593072
GSE237017,GSM7593072,DBP1,DBP1,300uM,1,DBP1 at 300uM concentration replicate 1,GPL23935,185,AAAGTGA,TCACTTT,TCACTTT,primary_column,0.28623,1042.45,2.405,GSM7593072_dbp1-r1_7mers_1111111.txt.gz,a486c901fcb0128ae115e9f97461043be66dd62080f60d8da53d5a4162f6c3a1,https://www.ncbi.nlm.nih.gov/geo/query/acc.cgi?acc=GSM7593072
GSE237017,GSM7593072,DBP1,DBP1,300uM,1,DBP1 at 300uM concentration replicate 1,GPL23935,186,AAAGTGC,GCACTTT,GCACTTT,primary_column,-0.04283,978.38,-0.0592,GSM7593072_dbp1-r1_7mers_1111111.txt.gz,a486c901fcb0128ae115e9f97461043be66dd62080f60d8da53d5a4162f6c3a1,https://www.ncbi.nlm.nih.gov/geo/query/acc.cgi?acc=GSM7593072
GSE237017,GSM7593072,DBP1,DBP1,300uM,1,DBP1 at 300uM concentration replicate 1,GPL23935,187,AAAGTGG,CCACTTT,CCACTTT,primary_column,0.14151,968.3,-0.4613,GSM7593072_dbp1-r1_7mers_1111111.txt.gz,a486c901fcb0128ae115e9f97461043be66dd62080f60d8da53d5a4162f6c3a1,https://www.ncbi.nlm.nih.gov/geo/query/acc.cgi?acc=GSM7593072
GSE237017,GSM7593072,DBP1,DBP1,300uM,1,DBP1 at 300uM concentration replicate 1,GPL23935,188,AAAGTGT,ACACTTT,ACACTTT,primary_column,0.11209,1018.37,1.4971,GSM7593072_dbp1-r1_7mers_1111111.txt.gz,a486c901fcb0128ae115e9f97461043be66dd62080f60d8da53d5a4162f6c3a1,https://www.ncbi.nlm.nih.gov/geo/query/acc.cgi?acc=GSM7593072
GSE237017,GSM7593072,DBP1,DBP1,300uM,1,DBP1 at 300uM concentration replicate 1,GPL23935,189,AAAGTTA,TAACTTT,TAACTTT,primary_column,-0.04203,975.54,-0.1717,GSM7593072_dbp1-r1_7mers_1111111.txt.gz,a486c901fcb0128ae115e9f97461043be66dd62080f60d8da53d5a4162f6c3a1,https://www.ncbi.nlm.nih.gov/geo/query/acc.cgi?acc=GSM7593072
GSE237017,GSM7593072,DBP1,DBP1,300uM,1,DBP1 at 300uM concentration replicate 1,GPL23935,190,AAAGTTC,GAACTTT,GAACTTT,primary_column,-0.14805,952.32,-1.1077,GSM7593072_dbp1-r1_7mers_1111111.txt.gz,a486c901fcb0128ae115e9f97461043be66dd62080f60d8da53d5a4162f6c3a1,https://www.ncbi.nlm.nih.gov/geo/query/acc.cgi?acc=GSM7593072
GSE237017,GSM7593072,DBP1,DBP1,300uM,1,DBP1 at 300uM concentration replicate 1,GPL23935,191,AAAGTTG,CAACTTT,CAACTTT,primary_column,-0.0562,988.5,0.3409,GSM7593072_dbp1-r1_7mers_1111111.txt.gz,a486c901fcb0128ae115e9f97461043be66dd62080f60d8da53d5a4162f6c3a1,https://www.ncbi.nlm.nih.gov/geo/query/acc.cgi?acc=GSM7593072
GSE237017,GSM7593072,DBP1,DBP1,300uM,1,DBP1 at 300uM concentration replicate 1,GPL23935,192,AAATAAA,TTTATTT,TTTATTT,primary_column,-0.06134,974.85,-0.1994,GSM7593072_dbp1-r1_7mers_1111111.txt.gz,a486c901fcb0128ae115e9f97461043be66dd62080f60d8da53d5a4162f6c3a1,https://www.ncbi.nlm.nih.gov/geo/query/acc.cgi?acc=GSM7593072
GSE237017,GSM7593072,DBP1,DBP1,300uM,1,DBP1 at 300uM concentration replicate 1,GPL23935,193,AAATAAC,GTTATTT,GTTATTT,primary_column,-0.07456,976.48,-0.1345,GSM7593072_dbp1-r1_7mers_1111111.txt.gz,a486c901fcb0128ae115e9f97461043be66dd62080f60d8da53d5a4162f6c3a1,https://www.ncbi.nlm.nih.gov/geo/query/acc.cgi?acc=GSM7593072
GSE237017,GSM7593072,DBP1,DBP1,300uM,1,DBP1 at 300uM concentration replicate 1,GPL23935,194,AAATAAG,CTTATTT,CTTATTT,primary_column,0.04612,965.83,-0.5605,GSM7593072_dbp1-r1_7mers_1111111.txt.gz,a486c901fcb0128ae115e9f97461043be66dd62080f60d8da53d5a4162f6c3a1,https://www.ncbi.nlm.nih.gov/geo/query/acc.cgi?acc=GSM7593072
GSE237017,GSM7593072,DBP1,DBP1,300uM,1,DBP1 at 300uM concentration replicate 1,GPL23935,195,AAATAAT,ATTATTT,ATTATTT,primary_column,0.13504,1004.11,0.9494,GSM7593072_dbp1-r1_7mers_1111111.txt.gz,a486c901fcb0128ae115e9f97461043be66dd62080f60d8da53d5a4162f6c3a1,https://www.ncbi.nlm.nih.gov/geo/query/acc.cgi?acc=GSM7593072
GSE237017,GSM7593072,DBP1,DBP1,300uM,1,DBP1 at 300uM concentration replicate 1,GPL23935,196,AAATACA,TGTATTT,TGTATTT,primary_column,0.04153,1003.56,0.9281,GSM7593072_dbp1-r1_7mers_1111111.txt.gz,a486c901fcb0128ae115e9f97461043be66dd62080f60d8da53d5a4162f6c3a1,https://www.ncbi.nlm.nih.gov/geo/query/acc.cgi?acc=GSM7593072
GSE237017,GSM7593072,DBP1,DBP1,300uM,1,DBP1 at 300uM concentration replicate 1,GPL23935,197,AAATACC,GGTATTT,GGTATTT,primary_column,-0.0642,985.02,0.2037,GSM7593072_dbp1-r1_7mers_1111111.txt.gz,a486c901fcb0128ae115e9f97461043be66dd62080f60d8da53d5a4162f6c3a1,https://www.ncbi.nlm.nih.gov/geo/query/acc.cgi?acc=GSM7593072
GSE237017,GSM7593072,DBP1,DBP1,300uM,1,DBP1 at 300uM concentration replicate 1,GPL23935,198,AAATACG,CGTATTT,CGTATTT,primary_column,0.02551,1004.01,0.9455,GSM7593072_dbp1-r1_7mers_1111111.txt.gz,a486c901fcb0128ae115e9f97461043be66dd62080f60d8da53d5a4162f6c3a1,https://www.ncbi.nlm.nih.gov/geo/query/acc.cgi?acc=GSM7593072
GSE237017,GSM7593072,DBP1,DBP1,300uM,1,DBP1 at 300uM concentration replicate 1,GPL23935,199,AAATACT,AGTATTT,AGTATTT,primary_column,0.01589,976.66,-0.1274,GSM7593072_dbp1-r1_7mers_1111111.txt.gz,a486c901fcb0128ae115e9f97461043be66dd62080f60d8da53d5a4162f6c3a1,https://www.ncbi.nlm.nih.gov/geo/query/acc.cgi?acc=GSM7593072
GSE237017,GSM7593072,DBP1,DBP1,300uM,1,DBP1 at 300uM concentration replicate 1,GPL23935,200,AAATAGA,TCTATTT,TCTATTT,primary_column,0.14301,976.58,-0.1305,GSM7593072_dbp1-r1_7mers_1111111.txt.gz,a486c901fcb0128ae115e9f97461043be66dd62080f60d8da53d5a4162f6c3a1,https://www.ncbi.nlm.nih.gov/geo/query/acc.cgi?acc=GSM7593072
