protein_id,intended_target_dna,target_7mer,e_score,experimental_rank,experimental_percentile,notes
DBP1,TAGCAGGATGTGT,TAGCAGG,-0.08782,12831.5,0.216888427734375,Target-derived 7-mer score; not a full-target binding score.
DBP1,TAGCAGGATGTGT,AGCAGGA,0.086735,2637.5,0.839080810546875,Target-derived 7-mer score; not a full-target binding score.
DBP1,TAGCAGGATGTGT,GCAGGAT,-0.0818,12463.5,0.239349365234375,Target-derived 7-mer score; not a full-target binding score.
DBP1,TAGCAGGATGTGT,CAGGATG,0.044664999999999996,4593.5,0.719696044921875,Target-derived 7-mer score; not a full-target binding score.
DBP1,TAGCAGGATGTGT,AGGATGT,0.09229000000000001,2437.5,0.851287841796875,Target-derived 7-mer score; not a full-target binding score.
DBP1,TAGCAGGATGTGT,GGATGTG,0.16196,773.5,0.952850341796875,Target-derived 7-mer score; not a full-target binding score.
DBP1,TAGCAGGATGTGT,GATGTGT,0.207135,367.5,0.977630615234375,Target-derived 7-mer score; not a full-target binding score.
DBP3,TAGCAGGATGTGT,TAGCAGG,0.03419,4655.5,0.715911865234375,Target-derived 7-mer score; not a full-target binding score.
DBP3,TAGCAGGATGTGT,AGCAGGA,0.052015000000000006,3877.5,0.763397216796875,Target-derived 7-mer score; not a full-target binding score.
DBP3,TAGCAGGATGTGT,GCAGGAT,-0.10461000000000001,13293.5,0.188690185546875,Target-derived 7-mer score; not a full-target binding score.
DBP3,TAGCAGGATGTGT,CAGGATG,-0.008915000000000001,7131.5,0.564788818359375,Target-derived 7-mer score; not a full-target binding score.
DBP3,TAGCAGGATGTGT,AGGATGT,0.138825,1427.5,0.912933349609375,Target-derived 7-mer score; not a full-target binding score.
DBP3,TAGCAGGATGTGT,GGATGTG,0.21415,675.5,0.958831787109375,Target-derived 7-mer score; not a full-target binding score.
DBP3,TAGCAGGATGTGT,GATGTGT,0.22033999999999998,627.5,0.961761474609375,Target-derived 7-mer score; not a full-target binding score.
DBP35,GCAGATCTGCACATC,GCAGATC,-0.15269,15397.5,0.060272216796875,Target-derived 7-mer score; not a full-target binding score.
DBP35,GCAGATCTGCACATC,CAGATCT,-0.010190000000000001,7719.5,0.528900146484375,Target-derived 7-mer score; not a full-target binding score.
DBP35,GCAGATCTGCACATC,AGATCTG,-0.010190000000000001,7719.5,0.528900146484375,Target-derived 7-mer score; not a full-target binding score.
DBP35,GCAGATCTGCACATC,GATCTGC,-0.15269,15397.5,0.060272216796875,Target-derived 7-mer score; not a full-target binding score.
DBP35,GCAGATCTGCACATC,ATCTGCA,-0.086095,12719.5,0.223724365234375,Target-derived 7-mer score; not a full-target binding score.
DBP35,GCAGATCTGCACATC,TCTGCAC,-0.074995,12063.5,0.263763427734375,Target-derived 7-mer score; not a full-target binding score.
DBP35,GCAGATCTGCACATC,CTGCACA,0.010790000000000001,6323.5,0.614105224609375,Target-derived 7-mer score; not a full-target binding score.
DBP35,GCAGATCTGCACATC,TGCACAT,0.244575,341.5,0.979217529296875,Target-derived 7-mer score; not a full-target binding score.
DBP35,GCAGATCTGCACATC,GCACATC,0.11405499999999999,1769.5,0.892059326171875,Target-derived 7-mer score; not a full-target binding score.
DBP48,CGCCCAAAGCCGCG,CGCCCAA,0.09129,4033.5,0.753875732421875,Target-derived 7-mer score; not a full-target binding score.
DBP48,CGCCCAAAGCCGCG,GCCCAAA,-0.07095,9569.5,0.415985107421875,Target-derived 7-mer score; not a full-target binding score.
DBP48,CGCCCAAAGCCGCG,CCCAAAG,-0.07233,9617.5,0.413055419921875,Target-derived 7-mer score; not a full-target binding score.
DBP48,CGCCCAAAGCCGCG,CCAAAGC,-0.163,12995.5,0.206878662109375,Target-derived 7-mer score; not a full-target binding score.
DBP48,CGCCCAAAGCCGCG,CAAAGCC,0.00384,6677.5,0.592498779296875,Target-derived 7-mer score; not a full-target binding score.
DBP48,CGCCCAAAGCCGCG,AAAGCCG,-0.01719,7521.5,0.540985107421875,Target-derived 7-mer score; not a full-target binding score.
DBP48,CGCCCAAAGCCGCG,AAGCCGC,0.07628,4401.5,0.731414794921875,Target-derived 7-mer score; not a full-target binding score.
DBP48,CGCCCAAAGCCGCG,AGCCGCG,0.1036,3717.5,0.773162841796875,Target-derived 7-mer score; not a full-target binding score.
DBP5,GCAGATCTGCACATC,GCAGATC,-0.11973,13735.5,0.161712646484375,Target-derived 7-mer score; not a full-target binding score.
DBP5,GCAGATCTGCACATC,CAGATCT,-0.04729,10379.5,0.366546630859375,Target-derived 7-mer score; not a full-target binding score.
DBP5,GCAGATCTGCACATC,AGATCTG,-0.04729,10379.5,0.366546630859375,Target-derived 7-mer score; not a full-target binding score.
DBP5,GCAGATCTGCACATC,GATCTGC,-0.11973,13735.5,0.161712646484375,Target-derived 7-mer score; not a full-target binding score.
DBP5,GCAGATCTGCACATC,ATCTGCA,0.03471,5807.5,0.645599365234375,Target-derived 7-mer score; not a full-target binding score.
DBP5,GCAGATCTGCACATC,TCTGCAC,0.06902,4112.5,0.749053955078125,Target-derived 7-mer score; not a full-target binding score.
DBP5,GCAGATCTGCACATC,CTGCACA,0.16633,1033.5,0.936981201171875,Target-derived 7-mer score; not a full-target binding score.
DBP5,GCAGATCTGCACATC,TGCACAT,0.19171,655.5,0.960052490234375,Target-derived 7-mer score; not a full-target binding score.
DBP5,GCAGATCTGCACATC,GCACATC,0.0874,3352.5,0.795440673828125,Target-derived 7-mer score; not a full-target binding score.
DBP6,GCAGATCTGCACATC,GCAGATC,-0.07346,11745.5,0.283172607421875,Target-derived 7-mer score; not a full-target binding score.
DBP6,GCAGATCTGCACATC,CAGATCT,-0.017994999999999997,8009.5,0.511199951171875,Target-derived 7-mer score; not a full-target binding score.
DBP6,GCAGATCTGCACATC,AGATCTG,-0.017994999999999997,8009.5,0.511199951171875,Target-derived 7-mer score; not a full-target binding score.
DBP6,GCAGATCTGCACATC,GATCTGC,-0.07346,11745.5,0.283172607421875,Target-derived 7-mer score; not a full-target binding score.
DBP6,GCAGATCTGCACATC,ATCTGCA,-0.039215,9449.5,0.423309326171875,Target-derived 7-mer score; not a full-target binding score.
DBP6,GCAGATCTGCACATC,TCTGCAC,0.16044999999999998,1025.5,0.937469482421875,Target-derived 7-mer score; not a full-target binding score.
DBP6,GCAGATCTGCACATC,CTGCACA,0.293125,201.5,0.987762451171875,Target-derived 7-mer score; not a full-target binding score.
DBP6,GCAGATCTGCACATC,TGCACAT,0.370915,103.5,0.993743896484375,Target-derived 7-mer score; not a full-target binding score.
DBP6,GCAGATCTGCACATC,GCACATC,0.223885,435.5,0.973480224609375,Target-derived 7-mer score; not a full-target binding score.
DBP9,GCAGATCTGCACATC,GCAGATC,-0.067335,10837.5,0.338592529296875,Target-derived 7-mer score; not a full-target binding score.
DBP9,GCAGATCTGCACATC,CAGATCT,-0.042915,9398.5,0.426422119140625,Target-derived 7-mer score; not a full-target binding score.
DBP9,GCAGATCTGCACATC,AGATCTG,-0.042915,9398.5,0.426422119140625,Target-derived 7-mer score; not a full-target binding score.
DBP9,GCAGATCTGCACATC,GATCTGC,-0.067335,10837.5,0.338592529296875,Target-derived 7-mer score; not a full-target binding score.
DBP9,GCAGATCTGCACATC,ATCTGCA,0.042449999999999995,4845.5,0.704315185546875,Target-derived 7-mer score; not a full-target binding score.
DBP9,GCAGATCTGCACATC,TCTGCAC,0.22575,611.5,0.962738037109375,Target-derived 7-mer score; not a full-target binding score.
DBP9,GCAGATCTGCACATC,CTGCACA,0.395355,35.5,0.997894287109375,Target-derived 7-mer score; not a full-target binding score.
DBP9,GCAGATCTGCACATC,TGCACAT,0.41484,9.5,0.999481201171875,Target-derived 7-mer score; not a full-target binding score.
DBP9,GCAGATCTGCACATC,GCACATC,0.2711,334.5,0.979644775390625,Target-derived 7-mer score; not a full-target binding score.
