protein_id,position,base,frequency_in_top_1_percent,n_top_7mers
DBP1,1,A,0.18902439024390244,164
DBP1,1,C,0.14634146341463414,164
DBP1,1,G,0.38414634146341464,164
DBP1,1,T,0.2804878048780488,164
DBP1,2,A,0.1524390243902439,164
DBP1,2,C,0.12195121951219512,164
DBP1,2,G,0.3902439024390244,164
DBP1,2,T,0.3353658536585366,164
DBP1,3,A,0.1524390243902439,164
DBP1,3,C,0.17073170731707318,164
DBP1,3,G,0.3780487804878049,164
DBP1,3,T,0.29878048780487804,164
DBP1,4,A,0.25609756097560976,164
DBP1,4,C,0.24390243902439024,164
DBP1,4,G,0.24390243902439024,164
DBP1,4,T,0.25609756097560976,164
DBP1,5,A,0.29878048780487804,164
DBP1,5,C,0.3780487804878049,164
DBP1,5,G,0.17073170731707318,164
DBP1,5,T,0.1524390243902439,164
DBP1,6,A,0.3353658536585366,164
DBP1,6,C,0.3902439024390244,164
DBP1,6,G,0.12195121951219512,164
DBP1,6,T,0.1524390243902439,164
DBP1,7,A,0.2804878048780488,164
DBP1,7,C,0.38414634146341464,164
DBP1,7,G,0.14634146341463414,164
DBP1,7,T,0.18902439024390244,164
DBP3,1,A,0.17073170731707318,164
DBP3,1,C,0.12804878048780488,164
DBP3,1,G,0.43902439024390244,164
DBP3,1,T,0.2621951219512195,164
DBP3,2,A,0.12195121951219512,164
DBP3,2,C,0.0975609756097561,164
DBP3,2,G,0.40853658536585363,164
DBP3,2,T,0.3719512195121951,164
DBP3,3,A,0.09146341463414634,164
DBP3,3,C,0.15853658536585366,164
DBP3,3,G,0.4634146341463415,164
DBP3,3,T,0.2865853658536585,164
DBP3,4,A,0.2682926829268293,164
DBP3,4,C,0.23170731707317074,164
DBP3,4,G,0.23170731707317074,164
DBP3,4,T,0.2682926829268293,164
DBP3,5,A,0.2865853658536585,164
DBP3,5,C,0.4634146341463415,164
DBP3,5,G,0.15853658536585366,164
DBP3,5,T,0.09146341463414634,164
DBP3,6,A,0.3719512195121951,164
DBP3,6,C,0.40853658536585363,164
DBP3,6,G,0.0975609756097561,164
DBP3,6,T,0.12195121951219512,164
DBP3,7,A,0.2621951219512195,164
DBP3,7,C,0.43902439024390244,164
DBP3,7,G,0.12804878048780488,164
DBP3,7,T,0.17073170731707318,164
DBP35,1,A,0.20121951219512196,164
DBP35,1,C,0.13414634146341464,164
DBP35,1,G,0.38414634146341464,164
DBP35,1,T,0.2804878048780488,164
DBP35,2,A,0.13414634146341464,164
DBP35,2,C,0.13414634146341464,164
DBP35,2,G,0.38414634146341464,164
DBP35,2,T,0.3475609756097561,164
DBP35,3,A,0.14634146341463414,164
DBP35,3,C,0.1524390243902439,164
DBP35,3,G,0.40853658536585363,164
DBP35,3,T,0.2926829268292683,164
DBP35,4,A,0.25,164
DBP35,4,C,0.25,164
DBP35,4,G,0.25,164
DBP35,4,T,0.25,164
DBP35,5,A,0.2926829268292683,164
DBP35,5,C,0.40853658536585363,164
DBP35,5,G,0.1524390243902439,164
DBP35,5,T,0.14634146341463414,164
DBP35,6,A,0.3475609756097561,164
DBP35,6,C,0.38414634146341464,164
DBP35,6,G,0.13414634146341464,164
DBP35,6,T,0.13414634146341464,164
DBP35,7,A,0.2804878048780488,164
DBP35,7,C,0.38414634146341464,164
DBP35,7,G,0.13414634146341464,164
DBP35,7,T,0.20121951219512196,164
DBP48,1,A,0.11585365853658537,164
DBP48,1,C,0.3902439024390244,164
DBP48,1,G,0.3780487804878049,164
DBP48,1,T,0.11585365853658537,164
DBP48,2,A,0.13414634146341464,164
DBP48,2,C,0.3475609756097561,164
DBP48,2,G,0.4329268292682927,164
DBP48,2,T,0.08536585365853659,164
DBP48,3,A,0.13414634146341464,164
DBP48,3,C,0.36585365853658536,164
DBP48,3,G,0.3353658536585366,164
DBP48,3,T,0.16463414634146342,164
DBP48,4,A,0.11585365853658537,164
DBP48,4,C,0.38414634146341464,164
DBP48,4,G,0.38414634146341464,164
DBP48,4,T,0.11585365853658537,164
DBP48,5,A,0.16463414634146342,164
DBP48,5,C,0.3353658536585366,164
DBP48,5,G,0.36585365853658536,164
DBP48,5,T,0.13414634146341464,164
DBP48,6,A,0.08536585365853659,164
DBP48,6,C,0.4329268292682927,164
DBP48,6,G,0.3475609756097561,164
DBP48,6,T,0.13414634146341464,164
DBP48,7,A,0.11585365853658537,164
DBP48,7,C,0.3780487804878049,164
DBP48,7,G,0.3902439024390244,164
DBP48,7,T,0.11585365853658537,164
DBP5,1,A,0.2804878048780488,164
DBP5,1,C,0.14634146341463414,164
DBP5,1,G,0.24390243902439024,164
DBP5,1,T,0.32926829268292684,164
DBP5,2,A,0.27439024390243905,164
DBP5,2,C,0.14634146341463414,164
DBP5,2,G,0.2621951219512195,164
DBP5,2,T,0.3170731707317073,164
DBP5,3,A,0.27439024390243905,164
DBP5,3,C,0.1951219512195122,164
DBP5,3,G,0.21341463414634146,164
DBP5,3,T,0.3170731707317073,164
DBP5,4,A,0.3170731707317073,164
DBP5,4,C,0.18292682926829268,164
DBP5,4,G,0.18292682926829268,164
DBP5,4,T,0.3170731707317073,164
DBP5,5,A,0.3170731707317073,164
DBP5,5,C,0.21341463414634146,164
DBP5,5,G,0.1951219512195122,164
DBP5,5,T,0.27439024390243905,164
DBP5,6,A,0.3170731707317073,164
DBP5,6,C,0.2621951219512195,164
DBP5,6,G,0.14634146341463414,164
DBP5,6,T,0.27439024390243905,164
DBP5,7,A,0.32926829268292684,164
DBP5,7,C,0.24390243902439024,164
DBP5,7,G,0.14634146341463414,164
DBP5,7,T,0.2804878048780488,164
DBP6,1,A,0.1524390243902439,164
DBP6,1,C,0.16463414634146342,164
DBP6,1,G,0.39634146341463417,164
DBP6,1,T,0.2865853658536585,164
DBP6,2,A,0.07926829268292683,164
DBP6,2,C,0.1402439024390244,164
DBP6,2,G,0.43902439024390244,164
DBP6,2,T,0.34146341463414637,164
DBP6,3,A,0.08536585365853659,164
DBP6,3,C,0.18292682926829268,164
DBP6,3,G,0.4329268292682927,164
DBP6,3,T,0.29878048780487804,164
DBP6,4,A,0.2621951219512195,164
DBP6,4,C,0.23780487804878048,164
DBP6,4,G,0.23780487804878048,164
DBP6,4,T,0.2621951219512195,164
DBP6,5,A,0.29878048780487804,164
DBP6,5,C,0.4329268292682927,164
DBP6,5,G,0.18292682926829268,164
DBP6,5,T,0.08536585365853659,164
DBP6,6,A,0.34146341463414637,164
DBP6,6,C,0.43902439024390244,164
DBP6,6,G,0.1402439024390244,164
DBP6,6,T,0.07926829268292683,164
DBP6,7,A,0.2865853658536585,164
DBP6,7,C,0.39634146341463417,164
DBP6,7,G,0.16463414634146342,164
DBP6,7,T,0.1524390243902439,164
DBP9,1,A,0.1951219512195122,164
DBP9,1,C,0.25,164
DBP9,1,G,0.23780487804878048,164
DBP9,1,T,0.3170731707317073,164
DBP9,2,A,0.08536585365853659,164
DBP9,2,C,0.25,164
DBP9,2,G,0.3902439024390244,164
DBP9,2,T,0.27439024390243905,164
DBP9,3,A,0.14634146341463414,164
DBP9,3,C,0.17073170731707318,164
DBP9,3,G,0.40853658536585363,164
DBP9,3,T,0.27439024390243905,164
DBP9,4,A,0.21951219512195122,164
DBP9,4,C,0.2804878048780488,164
DBP9,4,G,0.2804878048780488,164
DBP9,4,T,0.21951219512195122,164
DBP9,5,A,0.27439024390243905,164
DBP9,5,C,0.40853658536585363,164
DBP9,5,G,0.17073170731707318,164
DBP9,5,T,0.14634146341463414,164
DBP9,6,A,0.27439024390243905,164
DBP9,6,C,0.3902439024390244,164
DBP9,6,G,0.25,164
DBP9,6,T,0.08536585365853659,164
DBP9,7,A,0.3170731707317073,164
DBP9,7,C,0.23780487804878048,164
DBP9,7,G,0.25,164
DBP9,7,T,0.1951219512195122,164
