dbp_id,field,value,source_file,source_column_or_rule,provenance_status,independent_of_pbm,source_url,paper_doi,retrieval_date,notes
DBP1,intended_design_target,TAGCAGGATGTGT,metadata/v0_3_1/designed_dbp_target_definitions.csv,original_design_target_source,resolved,True,https://www.nature.com/articles/s41594-025-01669-4,10.1038/s41594-025-01669-4,2026-09-01,independent design metadata
DBP1,experimental_assay_reference,TAGCAGGATGTGT,metadata/v0_3_1/designed_dbp_target_definitions.csv,experimental_assay_target_source,resolved,True,https://www.nature.com/articles/s41594-025-01669-4,10.1038/s41594-025-01669-4,2026-09-01,independent assay/reference metadata
DBP1,pbm_motif,GCAGG,metadata/v0_3_1/designed_dbp_target_definitions.csv,motif_source,resolved,False,https://www.nature.com/articles/s41594-025-01669-4,10.1038/s41594-025-01669-4,2026-09-01,PBM evaluation motif; not used as primary target
DBP3,intended_design_target,TAGCAGGATGTGT,metadata/v0_3_1/designed_dbp_target_definitions.csv,original_design_target_source,resolved,True,https://www.nature.com/articles/s41594-025-01669-4,10.1038/s41594-025-01669-4,2026-09-01,independent design metadata
DBP3,experimental_assay_reference,TAGCAGGATGTGT,metadata/v0_3_1/designed_dbp_target_definitions.csv,experimental_assay_target_source,resolved,True,https://www.nature.com/articles/s41594-025-01669-4,10.1038/s41594-025-01669-4,2026-09-01,independent assay/reference metadata
DBP3,pbm_motif,GCAGGA,metadata/v0_3_1/designed_dbp_target_definitions.csv,motif_source,resolved,False,https://www.nature.com/articles/s41594-025-01669-4,10.1038/s41594-025-01669-4,2026-09-01,PBM evaluation motif; not used as primary target
DBP5,intended_design_target,GCAGATCTGCACATC,metadata/v0_3_1/designed_dbp_target_definitions.csv,original_design_target_source,resolved,True,https://www.nature.com/articles/s41594-025-01669-4,10.1038/s41594-025-01669-4,2026-09-01,independent design metadata
DBP5,experimental_assay_reference,GCAGATCTGCACATC,metadata/v0_3_1/designed_dbp_target_definitions.csv,experimental_assay_target_source,resolved,True,https://www.nature.com/articles/s41594-025-01669-4,10.1038/s41594-025-01669-4,2026-09-01,independent assay/reference metadata
DBP5,pbm_motif,TGCACA,metadata/v0_3_1/designed_dbp_target_definitions.csv,motif_source,resolved,False,https://www.nature.com/articles/s41594-025-01669-4,10.1038/s41594-025-01669-4,2026-09-01,PBM evaluation motif; not used as primary target
DBP6,intended_design_target,GCAGATCTGCACATC,metadata/v0_3_1/designed_dbp_target_definitions.csv,original_design_target_source,resolved,True,https://www.nature.com/articles/s41594-025-01669-4,10.1038/s41594-025-01669-4,2026-09-01,independent design metadata
DBP6,experimental_assay_reference,GCAGATCTGCACATC,metadata/v0_3_1/designed_dbp_target_definitions.csv,experimental_assay_target_source,resolved,True,https://www.nature.com/articles/s41594-025-01669-4,10.1038/s41594-025-01669-4,2026-09-01,independent assay/reference metadata
DBP6,pbm_motif,TGCACA,metadata/v0_3_1/designed_dbp_target_definitions.csv,motif_source,resolved,False,https://www.nature.com/articles/s41594-025-01669-4,10.1038/s41594-025-01669-4,2026-09-01,PBM evaluation motif; not used as primary target
DBP9,intended_design_target,GCAGATCTGCACATC,metadata/v0_3_1/designed_dbp_target_definitions.csv,original_design_target_source,resolved,True,https://www.nature.com/articles/s41594-025-01669-4,10.1038/s41594-025-01669-4,2026-09-01,independent design metadata
DBP9,experimental_assay_reference,GCAGATCTGCACATC,metadata/v0_3_1/designed_dbp_target_definitions.csv,experimental_assay_target_source,resolved,True,https://www.nature.com/articles/s41594-025-01669-4,10.1038/s41594-025-01669-4,2026-09-01,independent assay/reference metadata
DBP9,pbm_motif,TGCACA,metadata/v0_3_1/designed_dbp_target_definitions.csv,motif_source,resolved,False,https://www.nature.com/articles/s41594-025-01669-4,10.1038/s41594-025-01669-4,2026-09-01,PBM evaluation motif; not used as primary target
DBP35,intended_design_target,GCAGATCTGCACATC,metadata/v0_3_1/designed_dbp_target_definitions.csv,original_design_target_source,resolved,True,https://www.nature.com/articles/s41594-025-01669-4,10.1038/s41594-025-01669-4,2026-09-01,independent design metadata
DBP35,experimental_assay_reference,GCAGATCTGCACATC,metadata/v0_3_1/designed_dbp_target_definitions.csv,experimental_assay_target_source,resolved,True,https://www.nature.com/articles/s41594-025-01669-4,10.1038/s41594-025-01669-4,2026-09-01,independent assay/reference metadata
DBP35,pbm_motif,TGCACA,metadata/v0_3_1/designed_dbp_target_definitions.csv,motif_source,resolved,False,https://www.nature.com/articles/s41594-025-01669-4,10.1038/s41594-025-01669-4,2026-09-01,PBM evaluation motif; not used as primary target
DBP48,intended_design_target,CGCCCAAAGCCGCG,metadata/v0_3_1/designed_dbp_target_definitions.csv,original_design_target_source,resolved,True,https://www.nature.com/articles/s41594-025-01669-4,10.1038/s41594-025-01669-4,2026-09-01,independent design metadata
DBP48,experimental_assay_reference,CGACACCTGACGCG,metadata/v0_3_1/designed_dbp_target_definitions.csv,experimental_assay_target_source,resolved,True,https://www.nature.com/articles/s41594-025-01669-4,10.1038/s41594-025-01669-4,2026-09-01,independent assay/reference metadata
DBP48,pbm_motif,CTGACG,metadata/v0_3_1/designed_dbp_target_definitions.csv,motif_source,resolved,False,https://www.nature.com/articles/s41594-025-01669-4,10.1038/s41594-025-01669-4,2026-09-01,PBM evaluation motif; not used as primary target
