split_type,fold_id,seed,model,training_proteins,test_proteins,training_pair_count,runtime_seconds,first_epoch_loss,last_epoch_loss,prediction_variance,nan_inf_count,diagnostic_replay
protein_cluster_loco,protein_cluster_loco_fold_1,17,M0,DBP35|DBP48|DBP5|DBP6|DBP9,DBP1|DBP3,2560,1.054486100008944,0.7007225453853607,0.6542783200740814,0.15569326281547546,0,True
protein_cluster_loco,protein_cluster_loco_fold_1,17,M1,DBP35|DBP48|DBP5|DBP6|DBP9,DBP1|DBP3,2560,1.6444459000049392,0.7010954916477203,0.5983262285590172,0.9256994128227234,0,True
protein_cluster_loco,protein_cluster_loco_fold_1,17,M1c,DBP35|DBP48|DBP5|DBP6|DBP9,DBP1|DBP3,2560,1.6514034000138054,0.7120449244976044,0.6065547943115235,0.8223816752433777,0,True
protein_cluster_loco,protein_cluster_loco_fold_1,17,M2,DBP35|DBP48|DBP5|DBP6|DBP9,DBP1|DBP3,2560,2.1946578999923076,0.705772191286087,0.6653957664966583,1.371364712715149,0,True
protein_cluster_loco,protein_cluster_loco_fold_1,17,M3,DBP35|DBP48|DBP5|DBP6|DBP9,DBP1|DBP3,2560,2.463810699991882,0.7068905800580978,0.6117196187376976,0.25379282236099243,0,True
protein_cluster_loco,protein_cluster_loco_fold_1,29,M0,DBP35|DBP48|DBP5|DBP6|DBP9,DBP1|DBP3,2560,1.29469130000507,0.6972662061452866,0.6391494512557984,0.22945864498615265,0,True
protein_cluster_loco,protein_cluster_loco_fold_1,29,M1,DBP35|DBP48|DBP5|DBP6|DBP9,DBP1|DBP3,2560,1.586878499991144,0.7034746587276459,0.5988462477922439,0.8668409585952759,0,True
protein_cluster_loco,protein_cluster_loco_fold_1,29,M1c,DBP35|DBP48|DBP5|DBP6|DBP9,DBP1|DBP3,2560,1.8041569999913918,0.7071144759654999,0.5869785070419311,3.107558250427246,0,True
protein_cluster_loco,protein_cluster_loco_fold_1,29,M2,DBP35|DBP48|DBP5|DBP6|DBP9,DBP1|DBP3,2560,1.9993023999995785,0.7054903179407119,0.5939451396465302,0.23068252205848694,0,True
protein_cluster_loco,protein_cluster_loco_fold_1,29,M3,DBP35|DBP48|DBP5|DBP6|DBP9,DBP1|DBP3,2560,2.713096100007533,0.7068645268678665,0.6330239832401275,1.242089033126831,0,True
protein_cluster_loco,protein_cluster_loco_fold_1,43,M0,DBP35|DBP48|DBP5|DBP6|DBP9,DBP1|DBP3,2560,1.0938919999898644,0.6993391960859299,0.6357047408819199,0.24629026651382446,0,True
protein_cluster_loco,protein_cluster_loco_fold_1,43,M1,DBP35|DBP48|DBP5|DBP6|DBP9,DBP1|DBP3,2560,1.3638750999962213,0.702537277340889,0.5872844815254211,0.4013274908065796,0,True
protein_cluster_loco,protein_cluster_loco_fold_1,43,M1c,DBP35|DBP48|DBP5|DBP6|DBP9,DBP1|DBP3,2560,1.3452864999999292,0.7061109364032745,0.5768427193164826,1.2484378814697266,0,True
protein_cluster_loco,protein_cluster_loco_fold_1,43,M2,DBP35|DBP48|DBP5|DBP6|DBP9,DBP1|DBP3,2560,1.5371801000001142,0.7023871332406998,0.6531413853168487,0.19106578826904297,0,True
protein_cluster_loco,protein_cluster_loco_fold_1,43,M3,DBP35|DBP48|DBP5|DBP6|DBP9,DBP1|DBP3,2560,1.8995798000105424,0.7019700795412064,0.5980665564537049,0.21233540773391724,0,True
protein_cluster_loco,protein_cluster_loco_fold_2,17,M0,DBP1|DBP3|DBP48|DBP6|DBP9,DBP35|DBP5,2560,0.6991249999991851,0.7058181703090668,0.6956734150648117,0.030680498108267784,0,True
protein_cluster_loco,protein_cluster_loco_fold_2,17,M1,DBP1|DBP3|DBP48|DBP6|DBP9,DBP35|DBP5,2560,1.314994400003343,0.711334490776062,0.6785280257463455,0.07549265027046204,0,True
protein_cluster_loco,protein_cluster_loco_fold_2,17,M1c,DBP1|DBP3|DBP48|DBP6|DBP9,DBP35|DBP5,2560,1.378091399994446,0.7096353799104691,0.6012392535805702,0.7943563461303711,0,True
protein_cluster_loco,protein_cluster_loco_fold_2,17,M2,DBP1|DBP3|DBP48|DBP6|DBP9,DBP35|DBP5,2560,1.2662952000100631,0.7046000987291337,0.6725772649049759,0.13964630663394928,0,True
protein_cluster_loco,protein_cluster_loco_fold_2,17,M3,DBP1|DBP3|DBP48|DBP6|DBP9,DBP35|DBP5,2560,2.0571021000068868,0.7056815296411514,0.6926801085472107,0.0026419665664434433,0,True
protein_cluster_loco,protein_cluster_loco_fold_2,29,M0,DBP1|DBP3|DBP48|DBP6|DBP9,DBP35|DBP5,2560,1.0107601000054274,0.7027912735939026,0.6566775560379028,0.16365143656730652,0,True
protein_cluster_loco,protein_cluster_loco_fold_2,29,M1,DBP1|DBP3|DBP48|DBP6|DBP9,DBP35|DBP5,2560,1.3834911000012653,0.7045732051134109,0.623845960199833,0.20967558026313782,0,True
protein_cluster_loco,protein_cluster_loco_fold_2,29,M1c,DBP1|DBP3|DBP48|DBP6|DBP9,DBP35|DBP5,2560,1.4404488000000129,0.7052982717752456,0.6166237413883209,0.43394970893859863,0,True
protein_cluster_loco,protein_cluster_loco_fold_2,29,M2,DBP1|DBP3|DBP48|DBP6|DBP9,DBP35|DBP5,2560,1.6098990999889793,0.7002254962921143,0.6887271344661713,0.03823896497488022,0,True
protein_cluster_loco,protein_cluster_loco_fold_2,29,M3,DBP1|DBP3|DBP48|DBP6|DBP9,DBP35|DBP5,2560,1.9709399999992456,0.6994824796915055,0.6894638210535049,0.13790291547775269,0,True
protein_cluster_loco,protein_cluster_loco_fold_2,43,M0,DBP1|DBP3|DBP48|DBP6|DBP9,DBP35|DBP5,2560,0.9676948999986053,0.7001750886440277,0.6427655994892121,0.29027581214904785,0,True
protein_cluster_loco,protein_cluster_loco_fold_2,43,M1,DBP1|DBP3|DBP48|DBP6|DBP9,DBP35|DBP5,2560,1.3395237000077032,0.7124106407165527,0.5826681837439537,0.9171104431152344,0,True
protein_cluster_loco,protein_cluster_loco_fold_2,43,M1c,DBP1|DBP3|DBP48|DBP6|DBP9,DBP35|DBP5,2560,1.345003499998711,0.707359927892685,0.6002955064177513,0.27234309911727905,0,True
protein_cluster_loco,protein_cluster_loco_fold_2,43,M2,DBP1|DBP3|DBP48|DBP6|DBP9,DBP35|DBP5,2560,1.5137889999896288,0.7040482670068741,0.6734492689371109,0.16027171909809113,0,True
protein_cluster_loco,protein_cluster_loco_fold_2,43,M3,DBP1|DBP3|DBP48|DBP6|DBP9,DBP35|DBP5,2560,2.1145719999913126,0.6996187329292297,0.6913777440786362,0.00901711080223322,0,True
protein_cluster_loco,protein_cluster_loco_fold_3,17,M0,DBP1|DBP3|DBP35|DBP5|DBP6|DBP9,DBP48,3072,1.29970350000076,0.6920980115731558,0.6272577370206515,0.3116868734359741,0,True
protein_cluster_loco,protein_cluster_loco_fold_3,17,M1,DBP1|DBP3|DBP35|DBP5|DBP6|DBP9,DBP48,3072,1.6849804000084987,0.6940991977850596,0.6169829914967219,0.37323498725891113,0,True
protein_cluster_loco,protein_cluster_loco_fold_3,17,M1c,DBP1|DBP3|DBP35|DBP5|DBP6|DBP9,DBP48,3072,1.6671908999996958,0.6963653564453125,0.616532397766908,0.3809351325035095,0,True
protein_cluster_loco,protein_cluster_loco_fold_3,17,M2,DBP1|DBP3|DBP35|DBP5|DBP6|DBP9,DBP48,3072,1.9009605000028387,0.6943297311663628,0.6343707715471586,0.23300184309482574,0,True
protein_cluster_loco,protein_cluster_loco_fold_3,17,M3,DBP1|DBP3|DBP35|DBP5|DBP6|DBP9,DBP48,3072,1.8791991000034614,0.696598100165526,0.6191815336545309,0.48349934816360474,0,True
protein_cluster_loco,protein_cluster_loco_fold_3,29,M0,DBP1|DBP3|DBP35|DBP5|DBP6|DBP9,DBP48,3072,1.255044599995017,0.6938246935606003,0.6101473694046339,0.43196719884872437,0,True
protein_cluster_loco,protein_cluster_loco_fold_3,29,M1,DBP1|DBP3|DBP35|DBP5|DBP6|DBP9,DBP48,3072,1.6158389000047464,0.6946826378504435,0.6380972738067309,0.30869853496551514,0,True
protein_cluster_loco,protein_cluster_loco_fold_3,29,M1c,DBP1|DBP3|DBP35|DBP5|DBP6|DBP9,DBP48,3072,1.7065909999946598,0.6946106627583504,0.613248015443484,0.49870800971984863,0,True
protein_cluster_loco,protein_cluster_loco_fold_3,29,M2,DBP1|DBP3|DBP35|DBP5|DBP6|DBP9,DBP48,3072,1.7869311999966158,0.6924652978777885,0.6138269479076067,0.31048280000686646,0,True
protein_cluster_loco,protein_cluster_loco_fold_3,29,M3,DBP1|DBP3|DBP35|DBP5|DBP6|DBP9,DBP48,3072,2.484913399996003,0.6960944061477979,0.5962630386153857,0.8099257349967957,0,True
protein_cluster_loco,protein_cluster_loco_fold_3,43,M0,DBP1|DBP3|DBP35|DBP5|DBP6|DBP9,DBP48,3072,1.256610800002818,0.6858663956324259,0.6015829940636953,0.520882785320282,0,True
protein_cluster_loco,protein_cluster_loco_fold_3,43,M1,DBP1|DBP3|DBP35|DBP5|DBP6|DBP9,DBP48,3072,1.6336161000072025,0.6924928277730942,0.618313804268837,0.32866740226745605,0,True
protein_cluster_loco,protein_cluster_loco_fold_3,43,M1c,DBP1|DBP3|DBP35|DBP5|DBP6|DBP9,DBP48,3072,1.6663647000095807,0.6895813619097074,0.5931130920847257,0.5430125594139099,0,True
protein_cluster_loco,protein_cluster_loco_fold_3,43,M2,DBP1|DBP3|DBP35|DBP5|DBP6|DBP9,DBP48,3072,1.8560293999908026,0.6901430686314901,0.6005473559101423,0.47748255729675293,0,True
protein_cluster_loco,protein_cluster_loco_fold_3,43,M3,DBP1|DBP3|DBP35|DBP5|DBP6|DBP9,DBP48,3072,2.4740497000020696,0.6918625086545944,0.6029124036431313,0.6519303321838379,0,True
protein_cluster_loco,protein_cluster_loco_fold_4,17,M0,DBP1|DBP3|DBP35|DBP48|DBP5,DBP6|DBP9,2560,1.056177199992817,0.7010253548622132,0.6649246543645859,0.10909822583198547,0,True
protein_cluster_loco,protein_cluster_loco_fold_4,17,M1,DBP1|DBP3|DBP35|DBP48|DBP5,DBP6|DBP9,2560,1.3592963999981293,0.7031975328922272,0.5534057378768921,0.7887561321258545,0,True
protein_cluster_loco,protein_cluster_loco_fold_4,17,M1c,DBP1|DBP3|DBP35|DBP48|DBP5,DBP6|DBP9,2560,1.3225743000075454,0.7028481513261795,0.5642792508006096,0.497117817401886,0,True
protein_cluster_loco,protein_cluster_loco_fold_4,17,M2,DBP1|DBP3|DBP35|DBP48|DBP5,DBP6|DBP9,2560,1.4765562999964459,0.6978654116392136,0.6976831287145615,0.004821940790861845,0,True
protein_cluster_loco,protein_cluster_loco_fold_4,17,M3,DBP1|DBP3|DBP35|DBP48|DBP5,DBP6|DBP9,2560,2.1479975000111153,0.6984610199928284,0.6442401498556137,0.13583427667617798,0,True
protein_cluster_loco,protein_cluster_loco_fold_4,29,M0,DBP1|DBP3|DBP35|DBP48|DBP5,DBP6|DBP9,2560,1.0096194000070682,0.7002985417842865,0.634679651260376,0.34370535612106323,0,True
protein_cluster_loco,protein_cluster_loco_fold_4,29,M1,DBP1|DBP3|DBP35|DBP48|DBP5,DBP6|DBP9,2560,1.3253494999953546,0.6995982348918914,0.5448724865913391,0.9284335970878601,0,True
protein_cluster_loco,protein_cluster_loco_fold_4,29,M1c,DBP1|DBP3|DBP35|DBP48|DBP5,DBP6|DBP9,2560,1.6881049000076018,0.7010459989309311,0.5678542420268059,0.5068618059158325,0,True
protein_cluster_loco,protein_cluster_loco_fold_4,29,M2,DBP1|DBP3|DBP35|DBP48|DBP5,DBP6|DBP9,2560,2.050269700004719,0.6955343931913376,0.5697530612349511,0.5670466423034668,0,True
protein_cluster_loco,protein_cluster_loco_fold_4,29,M3,DBP1|DBP3|DBP35|DBP48|DBP5,DBP6|DBP9,2560,2.829002999991644,0.6957246631383895,0.6009239703416824,0.5113505721092224,0,True
protein_cluster_loco,protein_cluster_loco_fold_4,43,M0,DBP1|DBP3|DBP35|DBP48|DBP5,DBP6|DBP9,2560,0.9385421999904793,0.7006646126508713,0.6322125047445297,0.2642897665500641,0,True
protein_cluster_loco,protein_cluster_loco_fold_4,43,M1,DBP1|DBP3|DBP35|DBP48|DBP5,DBP6|DBP9,2560,1.5379601000022376,0.7039616376161575,0.5551799967885017,0.707426130771637,0,True
protein_cluster_loco,protein_cluster_loco_fold_4,43,M1c,DBP1|DBP3|DBP35|DBP48|DBP5,DBP6|DBP9,2560,1.5201628000068013,0.7002644062042236,0.5539292246103287,0.36654287576675415,0,True
protein_cluster_loco,protein_cluster_loco_fold_4,43,M2,DBP1|DBP3|DBP35|DBP48|DBP5,DBP6|DBP9,2560,1.6458323999977438,0.6970007568597794,0.6256579279899597,0.09678204357624054,0,True
protein_cluster_loco,protein_cluster_loco_fold_4,43,M3,DBP1|DBP3|DBP35|DBP48|DBP5,DBP6|DBP9,2560,2.250809199991636,0.6949026077985764,0.6914845675230026,0.013179551810026169,0,True
