split_type,fold_id,seed,dbp_id,protein_cluster,combined_component,model,n_units,spearman,ndcg_1pct,ndcg_5pct,pairwise_accuracy,top1pct_recovery,training_proteins,test_proteins,runtime_seconds,training_pair_count,development_exposed,status
protein_cluster_loco,protein_cluster_loco_fold_1,17,DBP1,protein_cluster_1,combined_component_1,M0,8192,0.2078493787444956,0.6621572204394258,0.6865941754588256,0.564725,0.06097560975609756,DBP35|DBP48|DBP5|DBP6|DBP9,DBP1|DBP3,1.9114406000007875,2560,True,complete
protein_cluster_loco,protein_cluster_loco_fold_1,17,DBP3,protein_cluster_1,combined_component_1,M0,8192,0.19980716099245652,0.6137191457415535,0.6631286343108175,0.569375,0.07317073170731707,DBP35|DBP48|DBP5|DBP6|DBP9,DBP1|DBP3,1.9114406000007875,2560,True,complete
protein_cluster_loco,protein_cluster_loco_fold_1,17,DBP1,protein_cluster_1,combined_component_1,M1,8192,0.39612346873330706,0.7677796729819772,0.7450896120202528,0.631975,0.012195121951219513,DBP35|DBP48|DBP5|DBP6|DBP9,DBP1|DBP3,2.321642700000666,2560,True,complete
protein_cluster_loco,protein_cluster_loco_fold_1,17,DBP3,protein_cluster_1,combined_component_1,M1,8192,0.04795340145953572,0.4096723457437438,0.45514045385711255,0.520575,0.0,DBP35|DBP48|DBP5|DBP6|DBP9,DBP1|DBP3,2.321642700000666,2560,True,complete
protein_cluster_loco,protein_cluster_loco_fold_1,17,DBP1,protein_cluster_1,combined_component_1,M1c,8192,0.37531123798264315,0.7703371107428979,0.7453313744771279,0.623875,0.036585365853658534,DBP35|DBP48|DBP5|DBP6|DBP9,DBP1|DBP3,2.7044656999933068,2560,True,complete
protein_cluster_loco,protein_cluster_loco_fold_1,17,DBP3,protein_cluster_1,combined_component_1,M1c,8192,0.10596122492231666,0.5082322611554176,0.5168044179575204,0.538875,0.0,DBP35|DBP48|DBP5|DBP6|DBP9,DBP1|DBP3,2.7044656999933068,2560,True,complete
protein_cluster_loco,protein_cluster_loco_fold_1,17,DBP1,protein_cluster_1,combined_component_1,M2,8192,-0.21977861797065623,0.41864696766403553,0.40817255772778865,0.431675,0.024390243902439025,DBP35|DBP48|DBP5|DBP6|DBP9,DBP1|DBP3,2.2672774999955436,2560,True,complete
protein_cluster_loco,protein_cluster_loco_fold_1,17,DBP3,protein_cluster_1,combined_component_1,M2,8192,0.09732293569545625,0.4670574195686039,0.4924722054890437,0.537325,0.036585365853658534,DBP35|DBP48|DBP5|DBP6|DBP9,DBP1|DBP3,2.2672774999955436,2560,True,complete
protein_cluster_loco,protein_cluster_loco_fold_1,17,DBP1,protein_cluster_1,combined_component_1,M3,8192,0.10325066951644782,0.6901030358242636,0.6206502882629205,0.528375,0.13414634146341464,DBP35|DBP48|DBP5|DBP6|DBP9,DBP1|DBP3,2.356265500013251,2560,True,complete
protein_cluster_loco,protein_cluster_loco_fold_1,17,DBP3,protein_cluster_1,combined_component_1,M3,8192,0.09333875859618547,0.697061862946803,0.6038972031818994,0.524525,0.14634146341463414,DBP35|DBP48|DBP5|DBP6|DBP9,DBP1|DBP3,2.356265500013251,2560,True,complete
protein_cluster_loco,protein_cluster_loco_fold_1,29,DBP1,protein_cluster_1,combined_component_1,M0,8192,0.22935088122240668,0.8354499001314372,0.7398709609460735,0.577825,0.18292682926829268,DBP35|DBP48|DBP5|DBP6|DBP9,DBP1|DBP3,1.7092896999965888,2560,True,complete
protein_cluster_loco,protein_cluster_loco_fold_1,29,DBP3,protein_cluster_1,combined_component_1,M0,8192,0.25860131683276727,0.8308857337909263,0.746840675010038,0.585875,0.2073170731707317,DBP35|DBP48|DBP5|DBP6|DBP9,DBP1|DBP3,1.7092896999965888,2560,True,complete
protein_cluster_loco,protein_cluster_loco_fold_1,29,DBP1,protein_cluster_1,combined_component_1,M1,8192,0.4416211842145303,0.8217648474549025,0.7877432955527599,0.649175,0.06097560975609756,DBP35|DBP48|DBP5|DBP6|DBP9,DBP1|DBP3,2.4957664999965345,2560,True,complete
protein_cluster_loco,protein_cluster_loco_fold_1,29,DBP3,protein_cluster_1,combined_component_1,M1,8192,0.09817622619401561,0.4913949364491499,0.49544259980363897,0.531825,0.06097560975609756,DBP35|DBP48|DBP5|DBP6|DBP9,DBP1|DBP3,2.4957664999965345,2560,True,complete
protein_cluster_loco,protein_cluster_loco_fold_1,29,DBP1,protein_cluster_1,combined_component_1,M1c,8192,0.45490111124703636,0.8409223341073238,0.7916788822298232,0.657675,0.024390243902439025,DBP35|DBP48|DBP5|DBP6|DBP9,DBP1|DBP3,2.4241154000046663,2560,True,complete
protein_cluster_loco,protein_cluster_loco_fold_1,29,DBP3,protein_cluster_1,combined_component_1,M1c,8192,0.2067980861393878,0.8721119340426968,0.7613038344257649,0.568725,0.2073170731707317,DBP35|DBP48|DBP5|DBP6|DBP9,DBP1|DBP3,2.4241154000046663,2560,True,complete
protein_cluster_loco,protein_cluster_loco_fold_1,29,DBP1,protein_cluster_1,combined_component_1,M2,8192,0.29608955826677175,0.7984789352885314,0.6960805640623855,0.601125,0.18292682926829268,DBP35|DBP48|DBP5|DBP6|DBP9,DBP1|DBP3,2.7983799999929033,2560,True,complete
protein_cluster_loco,protein_cluster_loco_fold_1,29,DBP3,protein_cluster_1,combined_component_1,M2,8192,0.19287018963987662,0.8355352019873742,0.7245982947432508,0.558775,0.21951219512195122,DBP35|DBP48|DBP5|DBP6|DBP9,DBP1|DBP3,2.7983799999929033,2560,True,complete
protein_cluster_loco,protein_cluster_loco_fold_1,29,DBP1,protein_cluster_1,combined_component_1,M3,8192,-0.1913604263786133,0.503214075688965,0.4432896396382994,0.434775,0.0975609756097561,DBP35|DBP48|DBP5|DBP6|DBP9,DBP1|DBP3,4.147783799999161,2560,True,complete
protein_cluster_loco,protein_cluster_loco_fold_1,29,DBP3,protein_cluster_1,combined_component_1,M3,8192,0.10388970280455063,0.6187752175586319,0.5624893585922816,0.535175,0.12195121951219512,DBP35|DBP48|DBP5|DBP6|DBP9,DBP1|DBP3,4.147783799999161,2560,True,complete
protein_cluster_loco,protein_cluster_loco_fold_1,43,DBP1,protein_cluster_1,combined_component_1,M0,8192,0.22970651168388811,0.6172555352633771,0.6487514790539864,0.576575,0.04878048780487805,DBP35|DBP48|DBP5|DBP6|DBP9,DBP1|DBP3,1.2522522999934154,2560,True,complete
protein_cluster_loco,protein_cluster_loco_fold_1,43,DBP3,protein_cluster_1,combined_component_1,M0,8192,0.21250487914096858,0.6142568429385458,0.6753079370888083,0.569025,0.04878048780487805,DBP35|DBP48|DBP5|DBP6|DBP9,DBP1|DBP3,1.2522522999934154,2560,True,complete
protein_cluster_loco,protein_cluster_loco_fold_1,43,DBP1,protein_cluster_1,combined_component_1,M1,8192,0.33012543099078107,0.7118323633959573,0.693898586281168,0.609225,0.024390243902439025,DBP35|DBP48|DBP5|DBP6|DBP9,DBP1|DBP3,1.494265400004224,2560,True,complete
protein_cluster_loco,protein_cluster_loco_fold_1,43,DBP3,protein_cluster_1,combined_component_1,M1,8192,0.1284582655657631,0.5679473459665104,0.5333751379573237,0.545375,0.012195121951219513,DBP35|DBP48|DBP5|DBP6|DBP9,DBP1|DBP3,1.494265400004224,2560,True,complete
protein_cluster_loco,protein_cluster_loco_fold_1,43,DBP1,protein_cluster_1,combined_component_1,M1c,8192,0.2771282551308014,0.7327355812608987,0.6948819748987511,0.595325,0.024390243902439025,DBP35|DBP48|DBP5|DBP6|DBP9,DBP1|DBP3,2.646390900001279,2560,True,complete
protein_cluster_loco,protein_cluster_loco_fold_1,43,DBP3,protein_cluster_1,combined_component_1,M1c,8192,0.09103429426508403,0.5869962426761249,0.5331410942541748,0.533475,0.024390243902439025,DBP35|DBP48|DBP5|DBP6|DBP9,DBP1|DBP3,2.646390900001279,2560,True,complete
protein_cluster_loco,protein_cluster_loco_fold_1,43,DBP1,protein_cluster_1,combined_component_1,M2,8192,0.02347981161154756,0.6065611433595751,0.5762585776226831,0.509475,0.0,DBP35|DBP48|DBP5|DBP6|DBP9,DBP1|DBP3,2.4893513999995776,2560,True,complete
protein_cluster_loco,protein_cluster_loco_fold_1,43,DBP3,protein_cluster_1,combined_component_1,M2,8192,0.15360740125183978,0.7599871559709983,0.6635233846323161,0.551625,0.0,DBP35|DBP48|DBP5|DBP6|DBP9,DBP1|DBP3,2.4893513999995776,2560,True,complete
protein_cluster_loco,protein_cluster_loco_fold_1,43,DBP1,protein_cluster_1,combined_component_1,M3,8192,0.238005389776943,0.6190268486901237,0.6431847431935047,0.578825,0.0,DBP35|DBP48|DBP5|DBP6|DBP9,DBP1|DBP3,3.660971099991002,2560,True,complete
protein_cluster_loco,protein_cluster_loco_fold_1,43,DBP3,protein_cluster_1,combined_component_1,M3,8192,0.13834569682513476,0.5973958115327702,0.5998293951723024,0.548175,0.0,DBP35|DBP48|DBP5|DBP6|DBP9,DBP1|DBP3,3.660971099991002,2560,True,complete
protein_cluster_loco,protein_cluster_loco_fold_2,17,DBP35,protein_cluster_2,combined_component_2,M0,8192,0.03758129771096969,0.6610305154262844,0.5922078467572928,0.5170508525426272,0.0,DBP1|DBP3|DBP48|DBP6|DBP9,DBP35|DBP5,0.9871933999966132,2560,False,complete
protein_cluster_loco,protein_cluster_loco_fold_2,17,DBP5,protein_cluster_2,combined_component_2,M0,8192,-0.08403614315092696,0.4326825343128219,0.45344402213058166,0.476625,0.0,DBP1|DBP3|DBP48|DBP6|DBP9,DBP35|DBP5,0.9871933999966132,2560,False,complete
protein_cluster_loco,protein_cluster_loco_fold_2,17,DBP35,protein_cluster_2,combined_component_2,M1,8192,0.05705115277573208,0.7491231379951576,0.6665939652754171,0.5223011150557528,0.0,DBP1|DBP3|DBP48|DBP6|DBP9,DBP35|DBP5,1.8065236000111327,2560,False,complete
protein_cluster_loco,protein_cluster_loco_fold_2,17,DBP5,protein_cluster_2,combined_component_2,M1,8192,-0.07799523100823973,0.4959906545933971,0.5089052774772095,0.477325,0.012195121951219513,DBP1|DBP3|DBP48|DBP6|DBP9,DBP35|DBP5,1.8065236000111327,2560,False,complete
protein_cluster_loco,protein_cluster_loco_fold_2,17,DBP35,protein_cluster_2,combined_component_2,M1c,8192,-0.08013586457700934,0.623984891016863,0.5270497038693363,0.476248812440622,0.024390243902439025,DBP1|DBP3|DBP48|DBP6|DBP9,DBP35|DBP5,2.390757199988002,2560,False,complete
protein_cluster_loco,protein_cluster_loco_fold_2,17,DBP5,protein_cluster_2,combined_component_2,M1c,8192,-0.07594539153029756,0.5047980818130711,0.5517643676095975,0.480075,0.024390243902439025,DBP1|DBP3|DBP48|DBP6|DBP9,DBP35|DBP5,2.390757199988002,2560,False,complete
protein_cluster_loco,protein_cluster_loco_fold_2,17,DBP35,protein_cluster_2,combined_component_2,M2,8192,0.13322689511692987,0.7727545239526854,0.7166694209551181,0.5446022301115055,0.036585365853658534,DBP1|DBP3|DBP48|DBP6|DBP9,DBP35|DBP5,2.814142200004426,2560,False,complete
protein_cluster_loco,protein_cluster_loco_fold_2,17,DBP5,protein_cluster_2,combined_component_2,M2,8192,-0.019969456788032865,0.5289036414181972,0.5649659721064852,0.495475,0.04878048780487805,DBP1|DBP3|DBP48|DBP6|DBP9,DBP35|DBP5,2.814142200004426,2560,False,complete
protein_cluster_loco,protein_cluster_loco_fold_2,17,DBP35,protein_cluster_2,combined_component_2,M3,8192,-0.04149951688243045,0.5125063449701004,0.5180929560784112,0.4895994799739987,0.0,DBP1|DBP3|DBP48|DBP6|DBP9,DBP35|DBP5,4.00435240000661,2560,False,complete
protein_cluster_loco,protein_cluster_loco_fold_2,17,DBP5,protein_cluster_2,combined_component_2,M3,8192,-0.1369584006588577,0.42546729951682094,0.4342438561349633,0.460475,0.0,DBP1|DBP3|DBP48|DBP6|DBP9,DBP35|DBP5,4.00435240000661,2560,False,complete
protein_cluster_loco,protein_cluster_loco_fold_2,29,DBP35,protein_cluster_2,combined_component_2,M0,8192,0.1549199370676708,0.8023168797370785,0.7186665554953197,0.551677583879194,0.18292682926829268,DBP1|DBP3|DBP48|DBP6|DBP9,DBP35|DBP5,1.6053110999928322,2560,False,complete
protein_cluster_loco,protein_cluster_loco_fold_2,29,DBP5,protein_cluster_2,combined_component_2,M0,8192,0.07348242255613707,0.6678685576268016,0.5768255702515602,0.5252,0.13414634146341464,DBP1|DBP3|DBP48|DBP6|DBP9,DBP35|DBP5,1.6053110999928322,2560,False,complete
protein_cluster_loco,protein_cluster_loco_fold_2,29,DBP35,protein_cluster_2,combined_component_2,M1,8192,-0.05816224267580688,0.3746994708881749,0.39162381544224323,0.4783989199459973,0.0,DBP1|DBP3|DBP48|DBP6|DBP9,DBP35|DBP5,2.417903399997158,2560,False,complete
protein_cluster_loco,protein_cluster_loco_fold_2,29,DBP5,protein_cluster_2,combined_component_2,M1,8192,0.14318129840672583,0.40006757643345703,0.5208986772207772,0.550675,0.012195121951219513,DBP1|DBP3|DBP48|DBP6|DBP9,DBP35|DBP5,2.417903399997158,2560,False,complete
protein_cluster_loco,protein_cluster_loco_fold_2,29,DBP35,protein_cluster_2,combined_component_2,M1c,8192,-0.033941764350303036,0.3812806854227373,0.44890719317620026,0.4878993949697485,0.012195121951219513,DBP1|DBP3|DBP48|DBP6|DBP9,DBP35|DBP5,2.6688335000071675,2560,False,complete
protein_cluster_loco,protein_cluster_loco_fold_2,29,DBP5,protein_cluster_2,combined_component_2,M1c,8192,0.09443947336935415,0.750617186166351,0.6164802982700451,0.529875,0.08536585365853659,DBP1|DBP3|DBP48|DBP6|DBP9,DBP35|DBP5,2.6688335000071675,2560,False,complete
protein_cluster_loco,protein_cluster_loco_fold_2,29,DBP35,protein_cluster_2,combined_component_2,M2,8192,0.010731258688170098,0.7226698576015999,0.623103293268809,0.5034501725086254,0.06097560975609756,DBP1|DBP3|DBP48|DBP6|DBP9,DBP35|DBP5,2.8112321000080556,2560,False,complete
protein_cluster_loco,protein_cluster_loco_fold_2,29,DBP5,protein_cluster_2,combined_component_2,M2,8192,-0.13199205615039922,0.5883285566874907,0.5175867802049601,0.452625,0.06097560975609756,DBP1|DBP3|DBP48|DBP6|DBP9,DBP35|DBP5,2.8112321000080556,2560,False,complete
protein_cluster_loco,protein_cluster_loco_fold_2,29,DBP35,protein_cluster_2,combined_component_2,M3,8192,0.15955283510332433,0.6185002960849051,0.5812212046809814,0.5533026651332567,0.0,DBP1|DBP3|DBP48|DBP6|DBP9,DBP35|DBP5,3.925936699990416,2560,False,complete
protein_cluster_loco,protein_cluster_loco_fold_2,29,DBP5,protein_cluster_2,combined_component_2,M3,8192,0.3165766067412911,0.7864784722947715,0.7184376176482756,0.601375,0.036585365853658534,DBP1|DBP3|DBP48|DBP6|DBP9,DBP35|DBP5,3.925936699990416,2560,False,complete
protein_cluster_loco,protein_cluster_loco_fold_2,43,DBP35,protein_cluster_2,combined_component_2,M0,8192,0.18235089541214713,0.8327885939383236,0.7432395426888405,0.5622781139056953,0.23170731707317074,DBP1|DBP3|DBP48|DBP6|DBP9,DBP35|DBP5,1.9644883000000846,2560,False,complete
protein_cluster_loco,protein_cluster_loco_fold_2,43,DBP5,protein_cluster_2,combined_component_2,M0,8192,0.10766475129912596,0.7122713411990365,0.6391012452931912,0.5339,0.15853658536585366,DBP1|DBP3|DBP48|DBP6|DBP9,DBP35|DBP5,1.9644883000000846,2560,False,complete
protein_cluster_loco,protein_cluster_loco_fold_2,43,DBP35,protein_cluster_2,combined_component_2,M1,8192,-0.1059820258762293,0.471334586417684,0.45962469498645836,0.4658982949147457,0.06097560975609756,DBP1|DBP3|DBP48|DBP6|DBP9,DBP35|DBP5,2.934970799993607,2560,False,complete
protein_cluster_loco,protein_cluster_loco_fold_2,43,DBP5,protein_cluster_2,combined_component_2,M1,8192,0.10209775044060486,0.7330120127547541,0.6436141669076714,0.538325,0.10975609756097561,DBP1|DBP3|DBP48|DBP6|DBP9,DBP35|DBP5,2.934970799993607,2560,False,complete
protein_cluster_loco,protein_cluster_loco_fold_2,43,DBP35,protein_cluster_2,combined_component_2,M1c,8192,0.07519683456248194,0.6854602907464942,0.650379830335023,0.5282014100705035,0.10975609756097561,DBP1|DBP3|DBP48|DBP6|DBP9,DBP35|DBP5,2.9883880999987014,2560,False,complete
protein_cluster_loco,protein_cluster_loco_fold_2,43,DBP5,protein_cluster_2,combined_component_2,M1c,8192,0.16302351250059083,0.6979738270210868,0.6593777950191116,0.553875,0.10975609756097561,DBP1|DBP3|DBP48|DBP6|DBP9,DBP35|DBP5,2.9883880999987014,2560,False,complete
protein_cluster_loco,protein_cluster_loco_fold_2,43,DBP35,protein_cluster_2,combined_component_2,M2,8192,0.09797864717709501,0.6839922012333602,0.6424192624401969,0.5301515075753788,0.08536585365853659,DBP1|DBP3|DBP48|DBP6|DBP9,DBP35|DBP5,2.9886678000038955,2560,False,complete
protein_cluster_loco,protein_cluster_loco_fold_2,43,DBP5,protein_cluster_2,combined_component_2,M2,8192,0.0641879036331564,0.6484518707122087,0.5905260252614248,0.520625,0.06097560975609756,DBP1|DBP3|DBP48|DBP6|DBP9,DBP35|DBP5,2.9886678000038955,2560,False,complete
protein_cluster_loco,protein_cluster_loco_fold_2,43,DBP35,protein_cluster_2,combined_component_2,M3,8192,0.024996702211503147,0.5680478858051057,0.6044816262207376,0.5046002300115006,0.0,DBP1|DBP3|DBP48|DBP6|DBP9,DBP35|DBP5,4.0839236999891,2560,False,complete
protein_cluster_loco,protein_cluster_loco_fold_2,43,DBP5,protein_cluster_2,combined_component_2,M3,8192,0.02498025319609305,0.47429843790993176,0.565813160367722,0.509525,0.0,DBP1|DBP3|DBP48|DBP6|DBP9,DBP35|DBP5,4.0839236999891,2560,False,complete
protein_cluster_loco,protein_cluster_loco_fold_3,17,DBP48,protein_cluster_3,combined_component_3,M0,8192,-0.20299364023121,0.41095059021491337,0.39886372782161217,0.43644682234111704,0.0,DBP1|DBP3|DBP35|DBP5|DBP6|DBP9,DBP48,1.962146899997606,3072,False,complete
protein_cluster_loco,protein_cluster_loco_fold_3,17,DBP48,protein_cluster_3,combined_component_3,M1,8192,-0.0659525095896406,0.5579367718180597,0.4953246057543583,0.4799989999499975,0.04878048780487805,DBP1|DBP3|DBP35|DBP5|DBP6|DBP9,DBP48,2.921989399997983,3072,False,complete
protein_cluster_loco,protein_cluster_loco_fold_3,17,DBP48,protein_cluster_3,combined_component_3,M1c,8192,-0.16433443269185333,0.5345922601932843,0.46704256066584926,0.44914745737286865,0.0,DBP1|DBP3|DBP35|DBP5|DBP6|DBP9,DBP48,3.1586504000006244,3072,False,complete
protein_cluster_loco,protein_cluster_loco_fold_3,17,DBP48,protein_cluster_3,combined_component_3,M2,8192,-0.18326613118926852,0.5149483501657215,0.5130433580870577,0.44374718735936797,0.0,DBP1|DBP3|DBP35|DBP5|DBP6|DBP9,DBP48,3.41216949999216,3072,False,complete
protein_cluster_loco,protein_cluster_loco_fold_3,17,DBP48,protein_cluster_3,combined_component_3,M3,8192,-0.25593261407618806,0.549687807108357,0.4538961865200401,0.41619580979048953,0.0,DBP1|DBP3|DBP35|DBP5|DBP6|DBP9,DBP48,5.127866800001357,3072,False,complete
protein_cluster_loco,protein_cluster_loco_fold_3,29,DBP48,protein_cluster_3,combined_component_3,M0,8192,-0.13264823054087901,0.4846042076567744,0.5020400683731903,0.4583979198959948,0.012195121951219513,DBP1|DBP3|DBP35|DBP5|DBP6|DBP9,DBP48,2.1069810000044527,3072,False,complete
protein_cluster_loco,protein_cluster_loco_fold_3,29,DBP48,protein_cluster_3,combined_component_3,M1,8192,-0.1931462329109364,0.47902139057631493,0.4706430017123953,0.4375468773438672,0.0,DBP1|DBP3|DBP35|DBP5|DBP6|DBP9,DBP48,3.0395540000026813,3072,False,complete
protein_cluster_loco,protein_cluster_loco_fold_3,29,DBP48,protein_cluster_3,combined_component_3,M1c,8192,-0.1712387205021355,0.45150802575485105,0.4539343239034269,0.4477473873693685,0.0,DBP1|DBP3|DBP35|DBP5|DBP6|DBP9,DBP48,3.416181599997799,3072,False,complete
protein_cluster_loco,protein_cluster_loco_fold_3,29,DBP48,protein_cluster_3,combined_component_3,M2,8192,-0.1290504131565444,0.4808897578152058,0.46923957161621693,0.4582479123956198,0.012195121951219513,DBP1|DBP3|DBP35|DBP5|DBP6|DBP9,DBP48,3.405013299998245,3072,False,complete
protein_cluster_loco,protein_cluster_loco_fold_3,29,DBP48,protein_cluster_3,combined_component_3,M3,8192,-0.16550851547996243,0.5876409097316884,0.5155796648037181,0.4405220261013051,0.024390243902439025,DBP1|DBP3|DBP35|DBP5|DBP6|DBP9,DBP48,5.142087800006266,3072,False,complete
protein_cluster_loco,protein_cluster_loco_fold_3,43,DBP48,protein_cluster_3,combined_component_3,M0,8192,-0.13998978292944966,0.5934765642442476,0.563981489930654,0.45144757237861893,0.012195121951219513,DBP1|DBP3|DBP35|DBP5|DBP6|DBP9,DBP48,2.1408121999993455,3072,False,complete
protein_cluster_loco,protein_cluster_loco_fold_3,43,DBP48,protein_cluster_3,combined_component_3,M1,8192,-0.043696657513948536,0.49859006560351843,0.5328697522926976,0.48374918745937295,0.036585365853658534,DBP1|DBP3|DBP35|DBP5|DBP6|DBP9,DBP48,3.0448997000057716,3072,False,complete
protein_cluster_loco,protein_cluster_loco_fold_3,43,DBP48,protein_cluster_3,combined_component_3,M1c,8192,-0.13077394012792867,0.5121145644238666,0.5068097921486072,0.4578478923946197,0.012195121951219513,DBP1|DBP3|DBP35|DBP5|DBP6|DBP9,DBP48,3.3471652000007452,3072,False,complete
protein_cluster_loco,protein_cluster_loco_fold_3,43,DBP48,protein_cluster_3,combined_component_3,M2,8192,-0.1031612137428757,0.666297050501803,0.5877487785606347,0.4592979648982449,0.024390243902439025,DBP1|DBP3|DBP35|DBP5|DBP6|DBP9,DBP48,3.418418000001111,3072,False,complete
protein_cluster_loco,protein_cluster_loco_fold_3,43,DBP48,protein_cluster_3,combined_component_3,M3,8192,-0.1639022505964975,0.61020014827476,0.5543224434677361,0.44104705235261765,0.012195121951219513,DBP1|DBP3|DBP35|DBP5|DBP6|DBP9,DBP48,4.863182899993262,3072,False,complete
protein_cluster_loco,protein_cluster_loco_fold_4,17,DBP6,protein_cluster_4,combined_component_2,M0,8192,0.1754085201632289,0.816836687422945,0.7144320232203952,0.556825,0.24390243902439024,DBP1|DBP3|DBP35|DBP48|DBP5,DBP6|DBP9,1.619945899990853,2560,False,complete
protein_cluster_loco,protein_cluster_loco_fold_4,17,DBP9,protein_cluster_4,combined_component_2,M0,8192,0.07318200831524398,0.605920566403063,0.5549840309515802,0.519975,0.012195121951219513,DBP1|DBP3|DBP35|DBP48|DBP5,DBP6|DBP9,1.619945899990853,2560,False,complete
protein_cluster_loco,protein_cluster_loco_fold_4,17,DBP6,protein_cluster_4,combined_component_2,M1,8192,-0.03345490939150497,0.6026025642512487,0.5490202611085814,0.481825,0.024390243902439025,DBP1|DBP3|DBP35|DBP48|DBP5,DBP6|DBP9,2.4922307999950135,2560,False,complete
protein_cluster_loco,protein_cluster_loco_fold_4,17,DBP9,protein_cluster_4,combined_component_2,M1,8192,0.19800948517190436,0.6585973480929996,0.6667164416478777,0.563025,0.0,DBP1|DBP3|DBP35|DBP48|DBP5,DBP6|DBP9,2.4922307999950135,2560,False,complete
protein_cluster_loco,protein_cluster_loco_fold_4,17,DBP6,protein_cluster_4,combined_component_2,M1c,8192,0.010985514476781113,0.7600020794411771,0.6556928086243906,0.497775,0.17073170731707318,DBP1|DBP3|DBP35|DBP48|DBP5,DBP6|DBP9,2.688660500003607,2560,False,complete
protein_cluster_loco,protein_cluster_loco_fold_4,17,DBP9,protein_cluster_4,combined_component_2,M1c,8192,0.18679148969951379,0.6063840747667874,0.613741174068655,0.557325,0.024390243902439025,DBP1|DBP3|DBP35|DBP48|DBP5,DBP6|DBP9,2.688660500003607,2560,False,complete
protein_cluster_loco,protein_cluster_loco_fold_4,17,DBP6,protein_cluster_4,combined_component_2,M2,8192,0.14087974721632593,0.4853261617318456,0.5351848832154431,0.547325,0.0,DBP1|DBP3|DBP35|DBP48|DBP5,DBP6|DBP9,2.784357500000624,2560,False,complete
protein_cluster_loco,protein_cluster_loco_fold_4,17,DBP9,protein_cluster_4,combined_component_2,M2,8192,-0.10606018353059199,0.3342225049085158,0.41418946900622045,0.464675,0.012195121951219513,DBP1|DBP3|DBP35|DBP48|DBP5,DBP6|DBP9,2.784357500000624,2560,False,complete
protein_cluster_loco,protein_cluster_loco_fold_4,17,DBP6,protein_cluster_4,combined_component_2,M3,8192,0.06292826478802842,0.8468719720406414,0.6812568566203105,0.514175,0.23170731707317074,DBP1|DBP3|DBP35|DBP48|DBP5,DBP6|DBP9,4.073192600000766,2560,False,complete
protein_cluster_loco,protein_cluster_loco_fold_4,17,DBP9,protein_cluster_4,combined_component_2,M3,8192,0.12235502152823056,0.6515915389799671,0.5976333184907028,0.536525,0.012195121951219513,DBP1|DBP3|DBP35|DBP48|DBP5,DBP6|DBP9,4.073192600000766,2560,False,complete
protein_cluster_loco,protein_cluster_loco_fold_4,29,DBP6,protein_cluster_4,combined_component_2,M0,8192,0.1920511993819181,0.8044329806890214,0.6837834804571881,0.558825,0.23170731707317074,DBP1|DBP3|DBP35|DBP48|DBP5,DBP6|DBP9,1.6098804999928689,2560,False,complete
protein_cluster_loco,protein_cluster_loco_fold_4,29,DBP9,protein_cluster_4,combined_component_2,M0,8192,0.07685317154079893,0.6432533996065388,0.5760216538757218,0.521775,0.024390243902439025,DBP1|DBP3|DBP35|DBP48|DBP5,DBP6|DBP9,1.6098804999928689,2560,False,complete
protein_cluster_loco,protein_cluster_loco_fold_4,29,DBP6,protein_cluster_4,combined_component_2,M1,8192,-0.017147042566022085,0.6297668361670052,0.545788484311676,0.488375,0.07317073170731707,DBP1|DBP3|DBP35|DBP48|DBP5,DBP6|DBP9,2.4112630000017816,2560,False,complete
protein_cluster_loco,protein_cluster_loco_fold_4,29,DBP9,protein_cluster_4,combined_component_2,M1,8192,0.1977295271744294,0.6058186607006558,0.6054081699008805,0.564275,0.012195121951219513,DBP1|DBP3|DBP35|DBP48|DBP5,DBP6|DBP9,2.4112630000017816,2560,False,complete
protein_cluster_loco,protein_cluster_loco_fold_4,29,DBP6,protein_cluster_4,combined_component_2,M1c,8192,-0.01350581119781089,0.6264361255756958,0.5741504345216754,0.487675,0.10975609756097561,DBP1|DBP3|DBP35|DBP48|DBP5,DBP6|DBP9,2.6321218999946723,2560,False,complete
protein_cluster_loco,protein_cluster_loco_fold_4,29,DBP9,protein_cluster_4,combined_component_2,M1c,8192,0.16615299342184794,0.5880521306215488,0.5796165232184728,0.547225,0.012195121951219513,DBP1|DBP3|DBP35|DBP48|DBP5,DBP6|DBP9,2.6321218999946723,2560,False,complete
protein_cluster_loco,protein_cluster_loco_fold_4,29,DBP6,protein_cluster_4,combined_component_2,M2,8192,0.04907518495521866,0.8074734260103001,0.651883506808831,0.509575,0.21951219512195122,DBP1|DBP3|DBP35|DBP48|DBP5,DBP6|DBP9,2.74298720000661,2560,False,complete
protein_cluster_loco,protein_cluster_loco_fold_4,29,DBP9,protein_cluster_4,combined_component_2,M2,8192,0.1616015678564758,0.6238984362854203,0.5709306670691865,0.549825,0.024390243902439025,DBP1|DBP3|DBP35|DBP48|DBP5,DBP6|DBP9,2.74298720000661,2560,False,complete
protein_cluster_loco,protein_cluster_loco_fold_4,29,DBP6,protein_cluster_4,combined_component_2,M3,8192,0.10098632671795792,0.781834454486063,0.6630672102417969,0.526725,0.24390243902439024,DBP1|DBP3|DBP35|DBP48|DBP5,DBP6|DBP9,4.058665800010203,2560,False,complete
protein_cluster_loco,protein_cluster_loco_fold_4,29,DBP9,protein_cluster_4,combined_component_2,M3,8192,0.11152281848047708,0.6060137590019505,0.5656970588170798,0.534675,0.024390243902439025,DBP1|DBP3|DBP35|DBP48|DBP5,DBP6|DBP9,4.058665800010203,2560,False,complete
protein_cluster_loco,protein_cluster_loco_fold_4,43,DBP6,protein_cluster_4,combined_component_2,M0,8192,0.22264626162155915,0.8795374017622034,0.7444157105206107,0.574975,0.3170731707317073,DBP1|DBP3|DBP35|DBP48|DBP5,DBP6|DBP9,1.6397391999926185,2560,False,complete
protein_cluster_loco,protein_cluster_loco_fold_4,43,DBP9,protein_cluster_4,combined_component_2,M0,8192,0.13864958979795045,0.6665119874183351,0.6070342918852342,0.542825,0.024390243902439025,DBP1|DBP3|DBP35|DBP48|DBP5,DBP6|DBP9,1.6397391999926185,2560,False,complete
protein_cluster_loco,protein_cluster_loco_fold_4,43,DBP6,protein_cluster_4,combined_component_2,M1,8192,0.002106333382126944,0.6773469801530232,0.5747587447691865,0.496675,0.07317073170731707,DBP1|DBP3|DBP35|DBP48|DBP5,DBP6|DBP9,2.4655607999884523,2560,False,complete
protein_cluster_loco,protein_cluster_loco_fold_4,43,DBP9,protein_cluster_4,combined_component_2,M1,8192,0.2078828821315136,0.5687275676736419,0.6179239050399484,0.570425,0.012195121951219513,DBP1|DBP3|DBP35|DBP48|DBP5,DBP6|DBP9,2.4655607999884523,2560,False,complete
protein_cluster_loco,protein_cluster_loco_fold_4,43,DBP6,protein_cluster_4,combined_component_2,M1c,8192,0.018014820663769738,0.8059087564868146,0.6823866799320392,0.506825,0.10975609756097561,DBP1|DBP3|DBP35|DBP48|DBP5,DBP6|DBP9,2.5790383999992628,2560,False,complete
protein_cluster_loco,protein_cluster_loco_fold_4,43,DBP9,protein_cluster_4,combined_component_2,M1c,8192,0.19975643214737776,0.6637721750744165,0.6563621397165043,0.564125,0.012195121951219513,DBP1|DBP3|DBP35|DBP48|DBP5,DBP6|DBP9,2.5790383999992628,2560,False,complete
protein_cluster_loco,protein_cluster_loco_fold_4,43,DBP6,protein_cluster_4,combined_component_2,M2,8192,0.0876418048440976,0.7433274797882553,0.6514409322852773,0.5314,0.18292682926829268,DBP1|DBP3|DBP35|DBP48|DBP5,DBP6|DBP9,2.6684317999897758,2560,False,complete
protein_cluster_loco,protein_cluster_loco_fold_4,43,DBP9,protein_cluster_4,combined_component_2,M2,8192,0.060752053364297,0.5793245530483416,0.5524320479664624,0.51615,0.024390243902439025,DBP1|DBP3|DBP35|DBP48|DBP5,DBP6|DBP9,2.6684317999897758,2560,False,complete
protein_cluster_loco,protein_cluster_loco_fold_4,43,DBP6,protein_cluster_4,combined_component_2,M3,8192,0.053410029460869826,0.6577010213733581,0.6054370482823582,0.514375,0.036585365853658534,DBP1|DBP3|DBP35|DBP48|DBP5,DBP6|DBP9,3.8942429000017,2560,False,complete
protein_cluster_loco,protein_cluster_loco_fold_4,43,DBP9,protein_cluster_4,combined_component_2,M3,8192,-0.019356489600561123,0.5217430051358186,0.4925668502632646,0.484325,0.012195121951219513,DBP1|DBP3|DBP35|DBP48|DBP5,DBP6|DBP9,3.8942429000017,2560,False,complete
