split_type,fold_id,seed,model,training_proteins,test_proteins,training_pair_count,runtime_seconds,first_epoch_loss,last_epoch_loss,loss_delta,prediction_variance,prediction_min,prediction_max,nan_inf_count,status
protein_cluster_loco,protein_cluster_loco_fold_1,17,M0,DBP35|DBP48|DBP5|DBP6|DBP9,DBP1|DBP3,2560,1.9114406000007875,0.7007225453853607,0.6542783200740814,-0.04644422531127934,0.15569326281547546,-2.0492775440216064,2.226996660232544,0,complete
protein_cluster_loco,protein_cluster_loco_fold_1,17,M1,DBP35|DBP48|DBP5|DBP6|DBP9,DBP1|DBP3,2560,2.321642700000666,0.7010954916477203,0.5983262285590172,-0.10276926308870316,0.9256994128227234,-0.8523006439208984,5.736075401306152,0,complete
protein_cluster_loco,protein_cluster_loco_fold_1,17,M1c,DBP35|DBP48|DBP5|DBP6|DBP9,DBP1|DBP3,2560,2.7044656999933068,0.7120449244976044,0.6065547943115235,-0.10549013018608089,0.8223816752433777,-2.0364387035369873,3.2875733375549316,0,complete
protein_cluster_loco,protein_cluster_loco_fold_1,17,M2,DBP35|DBP48|DBP5|DBP6|DBP9,DBP1|DBP3,2560,2.2672774999955436,0.705772191286087,0.6653957664966583,-0.04037642478942871,1.371364712715149,-4.653434753417969,1.4257826805114746,0,complete
protein_cluster_loco,protein_cluster_loco_fold_1,17,M3,DBP35|DBP48|DBP5|DBP6|DBP9,DBP1|DBP3,2560,2.356265500013251,0.7068905800580978,0.6117196187376976,-0.09517096132040015,0.25379282236099243,-2.4658241271972656,1.372234582901001,0,complete
protein_cluster_loco,protein_cluster_loco_fold_1,29,M0,DBP35|DBP48|DBP5|DBP6|DBP9,DBP1|DBP3,2560,1.7092896999965888,0.6972662061452866,0.6391494512557984,-0.0581167548894882,0.22945864498615265,-1.9322909116744995,1.8524279594421387,0,complete
protein_cluster_loco,protein_cluster_loco_fold_1,29,M1,DBP35|DBP48|DBP5|DBP6|DBP9,DBP1|DBP3,2560,2.4957664999965345,0.7034746587276459,0.5988462477922439,-0.10462841093540198,0.8668409585952759,-6.210608005523682,0.9200009107589722,0,complete
protein_cluster_loco,protein_cluster_loco_fold_1,29,M1c,DBP35|DBP48|DBP5|DBP6|DBP9,DBP1|DBP3,2560,2.4241154000046663,0.7071144759654999,0.5869785070419311,-0.12013596892356881,3.107558250427246,-6.182160377502441,0.9999237060546875,0,complete
protein_cluster_loco,protein_cluster_loco_fold_1,29,M2,DBP35|DBP48|DBP5|DBP6|DBP9,DBP1|DBP3,2560,2.7983799999929033,0.7054903179407119,0.5939451396465302,-0.11154517829418176,0.23068252205848694,-1.7513501644134521,2.248847007751465,0,complete
protein_cluster_loco,protein_cluster_loco_fold_1,29,M3,DBP35|DBP48|DBP5|DBP6|DBP9,DBP1|DBP3,2560,4.147783799999161,0.7068645268678665,0.6330239832401275,-0.07384054362773895,1.242089033126831,-4.786307334899902,2.1940407752990723,0,complete
protein_cluster_loco,protein_cluster_loco_fold_1,43,M0,DBP35|DBP48|DBP5|DBP6|DBP9,DBP1|DBP3,2560,1.2522522999934154,0.6993391960859299,0.6357047408819199,-0.06363445520401001,0.24629026651382446,-2.5010194778442383,1.5555717945098877,0,complete
protein_cluster_loco,protein_cluster_loco_fold_1,43,M1,DBP35|DBP48|DBP5|DBP6|DBP9,DBP1|DBP3,2560,1.494265400004224,0.702537277340889,0.5872844815254211,-0.11525279581546788,0.4013274908065796,-0.5318607091903687,3.7223587036132812,0,complete
protein_cluster_loco,protein_cluster_loco_fold_1,43,M1c,DBP35|DBP48|DBP5|DBP6|DBP9,DBP1|DBP3,2560,2.646390900001279,0.7061109364032745,0.5768427193164826,-0.12926821708679193,1.2484378814697266,-3.767246961593628,2.977388620376587,0,complete
protein_cluster_loco,protein_cluster_loco_fold_1,43,M2,DBP35|DBP48|DBP5|DBP6|DBP9,DBP1|DBP3,2560,2.4893513999995776,0.7023871332406998,0.6531413853168487,-0.04924574792385106,0.19106578826904297,-1.6580408811569214,1.4834823608398438,0,complete
protein_cluster_loco,protein_cluster_loco_fold_1,43,M3,DBP35|DBP48|DBP5|DBP6|DBP9,DBP1|DBP3,2560,3.660971099991002,0.7019700795412064,0.5980665564537049,-0.1039035230875015,0.21233540773391724,-2.462047576904297,1.0668238401412964,0,complete
protein_cluster_loco,protein_cluster_loco_fold_2,17,M0,DBP1|DBP3|DBP48|DBP6|DBP9,DBP35|DBP5,2560,0.9871933999966132,0.7058181703090668,0.6956734150648117,-0.010144755244255066,0.030680498108267784,-0.09076716005802155,0.9259114861488342,0,complete
protein_cluster_loco,protein_cluster_loco_fold_2,17,M1,DBP1|DBP3|DBP48|DBP6|DBP9,DBP35|DBP5,2560,1.8065236000111327,0.711334490776062,0.6785280257463455,-0.032806465029716514,0.07549265027046204,-0.6508959531784058,1.804724097251892,0,complete
protein_cluster_loco,protein_cluster_loco_fold_2,17,M1c,DBP1|DBP3|DBP48|DBP6|DBP9,DBP35|DBP5,2560,2.390757199988002,0.7096353799104691,0.6012392535805702,-0.10839612632989892,0.7943563461303711,-8.038582801818848,-1.4521383047103882,0,complete
protein_cluster_loco,protein_cluster_loco_fold_2,17,M2,DBP1|DBP3|DBP48|DBP6|DBP9,DBP35|DBP5,2560,2.814142200004426,0.7046000987291337,0.6725772649049759,-0.032022833824157715,0.13964630663394928,1.37991464138031,5.235432147979736,0,complete
protein_cluster_loco,protein_cluster_loco_fold_2,17,M3,DBP1|DBP3|DBP48|DBP6|DBP9,DBP35|DBP5,2560,4.00435240000661,0.7056815296411514,0.6926801085472107,-0.013001421093940646,0.0026419665664434433,-0.31923988461494446,-0.003945542965084314,0,complete
protein_cluster_loco,protein_cluster_loco_fold_2,29,M0,DBP1|DBP3|DBP48|DBP6|DBP9,DBP35|DBP5,2560,1.6053110999928322,0.7027912735939026,0.6566775560379028,-0.0461137175559998,0.16365143656730652,-1.5395385026931763,1.2901896238327026,0,complete
protein_cluster_loco,protein_cluster_loco_fold_2,29,M1,DBP1|DBP3|DBP48|DBP6|DBP9,DBP35|DBP5,2560,2.417903399997158,0.7045732051134109,0.623845960199833,-0.08072724491357797,0.20967558026313782,0.38493025302886963,3.6689398288726807,0,complete
protein_cluster_loco,protein_cluster_loco_fold_2,29,M1c,DBP1|DBP3|DBP48|DBP6|DBP9,DBP35|DBP5,2560,2.6688335000071675,0.7052982717752456,0.6166237413883209,-0.08867453038692474,0.43394970893859863,-2.2057299613952637,1.8945412635803223,0,complete
protein_cluster_loco,protein_cluster_loco_fold_2,29,M2,DBP1|DBP3|DBP48|DBP6|DBP9,DBP35|DBP5,2560,2.8112321000080556,0.7002254962921143,0.6887271344661713,-0.011498361825942993,0.03823896497488022,-3.411700963973999,-1.9745314121246338,0,complete
protein_cluster_loco,protein_cluster_loco_fold_2,29,M3,DBP1|DBP3|DBP48|DBP6|DBP9,DBP35|DBP5,2560,3.925936699990416,0.6994824796915055,0.6894638210535049,-0.010018658638000555,0.13790291547775269,0.544499397277832,2.7886557579040527,0,complete
protein_cluster_loco,protein_cluster_loco_fold_2,43,M0,DBP1|DBP3|DBP48|DBP6|DBP9,DBP35|DBP5,2560,1.9644883000000846,0.7001750886440277,0.6427655994892121,-0.057409489154815585,0.29027581214904785,-2.945669174194336,2.7142553329467773,0,complete
protein_cluster_loco,protein_cluster_loco_fold_2,43,M1,DBP1|DBP3|DBP48|DBP6|DBP9,DBP35|DBP5,2560,2.934970799993607,0.7124106407165527,0.5826681837439537,-0.129742456972599,0.9171104431152344,-0.016745328903198242,6.920827388763428,0,complete
protein_cluster_loco,protein_cluster_loco_fold_2,43,M1c,DBP1|DBP3|DBP48|DBP6|DBP9,DBP35|DBP5,2560,2.9883880999987014,0.707359927892685,0.6002955064177513,-0.10706442147493367,0.27234309911727905,-2.676133871078491,1.8637034893035889,0,complete
protein_cluster_loco,protein_cluster_loco_fold_2,43,M2,DBP1|DBP3|DBP48|DBP6|DBP9,DBP35|DBP5,2560,2.9886678000038955,0.7040482670068741,0.6734492689371109,-0.030598998069763184,0.16027171909809113,-0.08343265950679779,3.975062370300293,0,complete
protein_cluster_loco,protein_cluster_loco_fold_2,43,M3,DBP1|DBP3|DBP48|DBP6|DBP9,DBP35|DBP5,2560,4.0839236999891,0.6996187329292297,0.6913777440786362,-0.008240988850593545,0.00901711080223322,3.3003150212707055e-10,0.49814993143081665,0,complete
protein_cluster_loco,protein_cluster_loco_fold_3,17,M0,DBP1|DBP3|DBP35|DBP5|DBP6|DBP9,DBP48,3072,1.962146899997606,0.6920980115731558,0.6272577370206515,-0.0648402745525043,0.3116868734359741,-2.1035358905792236,2.7094674110412598,0,complete
protein_cluster_loco,protein_cluster_loco_fold_3,17,M1,DBP1|DBP3|DBP35|DBP5|DBP6|DBP9,DBP48,3072,2.921989399997983,0.6940991977850596,0.6169829914967219,-0.07711620628833771,0.37323498725891113,0.22547543048858643,5.004419326782227,0,complete
protein_cluster_loco,protein_cluster_loco_fold_3,17,M1c,DBP1|DBP3|DBP35|DBP5|DBP6|DBP9,DBP48,3072,3.1586504000006244,0.6963653564453125,0.616532397766908,-0.07983295867840445,0.3809351325035095,-3.0652222633361816,1.2718759775161743,0,complete
protein_cluster_loco,protein_cluster_loco_fold_3,17,M2,DBP1|DBP3|DBP35|DBP5|DBP6|DBP9,DBP48,3072,3.41216949999216,0.6943297311663628,0.6343707715471586,-0.059958959619204166,0.23300184309482574,-0.8891324400901794,2.480799913406372,0,complete
protein_cluster_loco,protein_cluster_loco_fold_3,17,M3,DBP1|DBP3|DBP35|DBP5|DBP6|DBP9,DBP48,3072,5.127866800001357,0.696598100165526,0.6191815336545309,-0.07741656651099516,0.48349934816360474,-1.3208109140396118,4.017616271972656,0,complete
protein_cluster_loco,protein_cluster_loco_fold_3,29,M0,DBP1|DBP3|DBP35|DBP5|DBP6|DBP9,DBP48,3072,2.1069810000044527,0.6938246935606003,0.6101473694046339,-0.0836773241559664,0.43196719884872437,-2.310525417327881,2.4406092166900635,0,complete
protein_cluster_loco,protein_cluster_loco_fold_3,29,M1,DBP1|DBP3|DBP35|DBP5|DBP6|DBP9,DBP48,3072,3.0395540000026813,0.6946826378504435,0.6380972738067309,-0.056585364043712616,0.30869853496551514,0.642021656036377,4.428836822509766,0,complete
protein_cluster_loco,protein_cluster_loco_fold_3,29,M1c,DBP1|DBP3|DBP35|DBP5|DBP6|DBP9,DBP48,3072,3.416181599997799,0.6946106627583504,0.613248015443484,-0.08136264731486642,0.49870800971984863,-2.205742120742798,2.3155152797698975,0,complete
protein_cluster_loco,protein_cluster_loco_fold_3,29,M2,DBP1|DBP3|DBP35|DBP5|DBP6|DBP9,DBP48,3072,3.405013299998245,0.6924652978777885,0.6138269479076067,-0.07863834997018182,0.31048280000686646,-2.357370376586914,2.372854709625244,0,complete
protein_cluster_loco,protein_cluster_loco_fold_3,29,M3,DBP1|DBP3|DBP35|DBP5|DBP6|DBP9,DBP48,3072,5.142087800006266,0.6960944061477979,0.5962630386153857,-0.09983136753241229,0.8099257349967957,-2.507901668548584,4.615332126617432,0,complete
protein_cluster_loco,protein_cluster_loco_fold_3,43,M0,DBP1|DBP3|DBP35|DBP5|DBP6|DBP9,DBP48,3072,2.1408121999993455,0.6858663956324259,0.6015829940636953,-0.0842834015687306,0.520882785320282,-3.738591194152832,3.364488124847412,0,complete
protein_cluster_loco,protein_cluster_loco_fold_3,43,M1,DBP1|DBP3|DBP35|DBP5|DBP6|DBP9,DBP48,3072,3.0448997000057716,0.6924928277730942,0.618313804268837,-0.0741790235042572,0.32866740226745605,0.19879168272018433,4.61616325378418,0,complete
protein_cluster_loco,protein_cluster_loco_fold_3,43,M1c,DBP1|DBP3|DBP35|DBP5|DBP6|DBP9,DBP48,3072,3.3471652000007452,0.6895813619097074,0.5931130920847257,-0.09646826982498169,0.5430125594139099,-1.7117748260498047,4.104846000671387,0,complete
protein_cluster_loco,protein_cluster_loco_fold_3,43,M2,DBP1|DBP3|DBP35|DBP5|DBP6|DBP9,DBP48,3072,3.418418000001111,0.6901430686314901,0.6005473559101423,-0.08959571272134781,0.47748255729675293,-2.812441349029541,3.8021459579467773,0,complete
protein_cluster_loco,protein_cluster_loco_fold_3,43,M3,DBP1|DBP3|DBP35|DBP5|DBP6|DBP9,DBP48,3072,4.863182899993262,0.6918625086545944,0.6029124036431313,-0.08895010501146317,0.6519303321838379,-2.802621603012085,4.929161071777344,0,complete
protein_cluster_loco,protein_cluster_loco_fold_4,17,M0,DBP1|DBP3|DBP35|DBP48|DBP5,DBP6|DBP9,2560,1.619945899990853,0.7010253548622132,0.6649246543645859,-0.03610070049762726,0.10909822583198547,-2.1580381393432617,4.2743084072149884e-10,0,complete
protein_cluster_loco,protein_cluster_loco_fold_4,17,M1,DBP1|DBP3|DBP35|DBP48|DBP5,DBP6|DBP9,2560,2.4922307999950135,0.7031975328922272,0.5534057378768921,-0.14979179501533513,0.7887561321258545,0.8994063138961792,6.123323917388916,0,complete
protein_cluster_loco,protein_cluster_loco_fold_4,17,M1c,DBP1|DBP3|DBP35|DBP48|DBP5,DBP6|DBP9,2560,2.688660500003607,0.7028481513261795,0.5642792508006096,-0.13856890052556992,0.497117817401886,-3.8982577323913574,0.8052401542663574,0,complete
protein_cluster_loco,protein_cluster_loco_fold_4,17,M2,DBP1|DBP3|DBP35|DBP48|DBP5,DBP6|DBP9,2560,2.784357500000624,0.6978654116392136,0.6976831287145615,-0.0001822829246520552,0.004821940790861845,0.15565456449985504,0.5893278121948242,0,complete
protein_cluster_loco,protein_cluster_loco_fold_4,17,M3,DBP1|DBP3|DBP35|DBP48|DBP5,DBP6|DBP9,2560,4.073192600000766,0.6984610199928284,0.6442401498556137,-0.05422087013721466,0.13583427667617798,-1.1245198249816895,1.8048344850540161,0,complete
protein_cluster_loco,protein_cluster_loco_fold_4,29,M0,DBP1|DBP3|DBP35|DBP48|DBP5,DBP6|DBP9,2560,1.6098804999928689,0.7002985417842865,0.634679651260376,-0.06561889052391057,0.34370535612106323,-1.2807211875915527,2.8352527618408203,0,complete
protein_cluster_loco,protein_cluster_loco_fold_4,29,M1,DBP1|DBP3|DBP35|DBP48|DBP5,DBP6|DBP9,2560,2.4112630000017816,0.6995982348918914,0.5448724865913391,-0.1547257483005523,0.9284335970878601,-5.083741664886475,-0.03913046419620514,0,complete
protein_cluster_loco,protein_cluster_loco_fold_4,29,M1c,DBP1|DBP3|DBP35|DBP48|DBP5,DBP6|DBP9,2560,2.6321218999946723,0.7010459989309311,0.5678542420268059,-0.1331917569041252,0.5068618059158325,-0.8213914036750793,3.6339638233184814,0,complete
protein_cluster_loco,protein_cluster_loco_fold_4,29,M2,DBP1|DBP3|DBP35|DBP48|DBP5,DBP6|DBP9,2560,2.74298720000661,0.6955343931913376,0.5697530612349511,-0.12578133195638652,0.5670466423034668,-3.5249977111816406,1.7494494915008545,0,complete
protein_cluster_loco,protein_cluster_loco_fold_4,29,M3,DBP1|DBP3|DBP35|DBP48|DBP5,DBP6|DBP9,2560,4.058665800010203,0.6957246631383895,0.6009239703416824,-0.09480069279670711,0.5113505721092224,-2.5477516651153564,2.6936404705047607,0,complete
protein_cluster_loco,protein_cluster_loco_fold_4,43,M0,DBP1|DBP3|DBP35|DBP48|DBP5,DBP6|DBP9,2560,1.6397391999926185,0.7006646126508713,0.6322125047445297,-0.0684521079063416,0.2642897665500641,-0.771063506603241,3.8541226387023926,0,complete
protein_cluster_loco,protein_cluster_loco_fold_4,43,M1,DBP1|DBP3|DBP35|DBP48|DBP5,DBP6|DBP9,2560,2.4655607999884523,0.7039616376161575,0.5551799967885017,-0.14878164082765577,0.707426130771637,0.7183481454849243,6.066967010498047,0,complete
protein_cluster_loco,protein_cluster_loco_fold_4,43,M1c,DBP1|DBP3|DBP35|DBP48|DBP5,DBP6|DBP9,2560,2.5790383999992628,0.7002644062042236,0.5539292246103287,-0.14633518159389491,0.36654287576675415,-3.629375457763672,0.1675579845905304,0,complete
protein_cluster_loco,protein_cluster_loco_fold_4,43,M2,DBP1|DBP3|DBP35|DBP48|DBP5,DBP6|DBP9,2560,2.6684317999897758,0.6970007568597794,0.6256579279899597,-0.07134282886981969,0.09678204357624054,-1.247496247291565,1.3309320211410522,0,complete
protein_cluster_loco,protein_cluster_loco_fold_4,43,M3,DBP1|DBP3|DBP35|DBP48|DBP5,DBP6|DBP9,2560,3.8942429000017,0.6949026077985764,0.6914845675230026,-0.003418040275573797,0.013179551810026169,0.3665351867675781,0.936221718788147,0,complete
combined_component_loco,combined_component_loco_fold_1,17,M0,DBP35|DBP48|DBP5|DBP6|DBP9,DBP1|DBP3,2560,1.633735000010347,0.7007225453853607,0.6542783200740814,-0.04644422531127934,0.15569326281547546,-2.0492775440216064,2.226996660232544,0,complete
combined_component_loco,combined_component_loco_fold_1,17,M1,DBP35|DBP48|DBP5|DBP6|DBP9,DBP1|DBP3,2560,2.437434999999823,0.7010954916477203,0.5983262285590172,-0.10276926308870316,0.9256994128227234,-0.8523006439208984,5.736075401306152,0,complete
combined_component_loco,combined_component_loco_fold_1,17,M1c,DBP35|DBP48|DBP5|DBP6|DBP9,DBP1|DBP3,2560,1.8822202000010293,0.7120449244976044,0.6065547943115235,-0.10549013018608089,0.8223816752433777,-2.0364387035369873,3.2875733375549316,0,complete
combined_component_loco,combined_component_loco_fold_1,17,M2,DBP35|DBP48|DBP5|DBP6|DBP9,DBP1|DBP3,2560,1.400607300005504,0.705772191286087,0.6653957664966583,-0.04037642478942871,1.371364712715149,-4.653434753417969,1.4257826805114746,0,complete
combined_component_loco,combined_component_loco_fold_1,17,M3,DBP35|DBP48|DBP5|DBP6|DBP9,DBP1|DBP3,2560,1.8489793000044301,0.7068905800580978,0.6117196187376976,-0.09517096132040015,0.25379282236099243,-2.4658241271972656,1.372234582901001,0,complete
combined_component_loco,combined_component_loco_fold_1,29,M0,DBP35|DBP48|DBP5|DBP6|DBP9,DBP1|DBP3,2560,0.9992720000009285,0.6972662061452866,0.6391494512557984,-0.0581167548894882,0.22945864498615265,-1.9322909116744995,1.8524279594421387,0,complete
combined_component_loco,combined_component_loco_fold_1,29,M1,DBP35|DBP48|DBP5|DBP6|DBP9,DBP1|DBP3,2560,1.3237727000087034,0.7034746587276459,0.5988462477922439,-0.10462841093540198,0.8668409585952759,-6.210608005523682,0.9200009107589722,0,complete
combined_component_loco,combined_component_loco_fold_1,29,M1c,DBP35|DBP48|DBP5|DBP6|DBP9,DBP1|DBP3,2560,1.379314499994507,0.7071144759654999,0.5869785070419311,-0.12013596892356881,3.107558250427246,-6.182160377502441,0.9999237060546875,0,complete
combined_component_loco,combined_component_loco_fold_1,29,M2,DBP35|DBP48|DBP5|DBP6|DBP9,DBP1|DBP3,2560,1.4509126999910222,0.7054903179407119,0.5939451396465302,-0.11154517829418176,0.23068252205848694,-1.7513501644134521,2.248847007751465,0,complete
combined_component_loco,combined_component_loco_fold_1,29,M3,DBP35|DBP48|DBP5|DBP6|DBP9,DBP1|DBP3,2560,1.9039328999933787,0.7068645268678665,0.6330239832401275,-0.07384054362773895,1.242089033126831,-4.786307334899902,2.1940407752990723,0,complete
combined_component_loco,combined_component_loco_fold_1,43,M0,DBP35|DBP48|DBP5|DBP6|DBP9,DBP1|DBP3,2560,1.049018799996702,0.6993391960859299,0.6357047408819199,-0.06363445520401001,0.24629026651382446,-2.5010194778442383,1.5555717945098877,0,complete
combined_component_loco,combined_component_loco_fold_1,43,M1,DBP35|DBP48|DBP5|DBP6|DBP9,DBP1|DBP3,2560,1.4480086999974446,0.702537277340889,0.5872844815254211,-0.11525279581546788,0.4013274908065796,-0.5318607091903687,3.7223587036132812,0,complete
combined_component_loco,combined_component_loco_fold_1,43,M1c,DBP35|DBP48|DBP5|DBP6|DBP9,DBP1|DBP3,2560,1.495561000003363,0.7061109364032745,0.5768427193164826,-0.12926821708679193,1.2484378814697266,-3.767246961593628,2.977388620376587,0,complete
combined_component_loco,combined_component_loco_fold_1,43,M2,DBP35|DBP48|DBP5|DBP6|DBP9,DBP1|DBP3,2560,1.8309650000010151,0.7023871332406998,0.6531413853168487,-0.04924574792385106,0.19106578826904297,-1.6580408811569214,1.4834823608398438,0,complete
combined_component_loco,combined_component_loco_fold_1,43,M3,DBP35|DBP48|DBP5|DBP6|DBP9,DBP1|DBP3,2560,2.405896099997335,0.7019700795412064,0.5980665564537049,-0.1039035230875015,0.21233540773391724,-2.462047576904297,1.0668238401412964,0,complete
combined_component_loco,combined_component_loco_fold_2,17,M0,DBP1|DBP3|DBP48,DBP35|DBP5|DBP6|DBP9,1536,0.5879046999907587,0.7139278799295425,0.6333711842695872,-0.08055669565995538,0.28177690505981445,-1.132727026939392,2.804811954498291,0,complete
combined_component_loco,combined_component_loco_fold_2,17,M1,DBP1|DBP3|DBP48,DBP35|DBP5|DBP6|DBP9,1536,0.8913047999958508,0.7018275558948517,0.5572069808840752,-0.14462057501077652,0.5247117280960083,-1.5348345041275024,4.040084362030029,0,complete
combined_component_loco,combined_component_loco_fold_2,17,M1c,DBP1|DBP3|DBP48,DBP35|DBP5|DBP6|DBP9,1536,0.8105964000133099,0.7010817875464758,0.5259531786044439,-0.17512860894203186,1.1916083097457886,-4.400296688079834,3.494694948196411,0,complete
combined_component_loco,combined_component_loco_fold_2,17,M2,DBP1|DBP3|DBP48,DBP35|DBP5|DBP6|DBP9,1536,0.7951592000026722,0.7053705453872681,0.5999382883310318,-0.10543225705623627,0.5087122917175293,0.20444855093955994,4.540835380554199,0,complete
combined_component_loco,combined_component_loco_fold_2,17,M3,DBP1|DBP3|DBP48,DBP35|DBP5|DBP6|DBP9,1536,1.420186699993792,0.7026726206143697,0.5757941578825315,-0.12687846273183823,0.6012387871742249,-3.051316022872925,2.5983164310455322,0,complete
combined_component_loco,combined_component_loco_fold_2,29,M0,DBP1|DBP3|DBP48,DBP35|DBP5|DBP6|DBP9,1536,0.6780111999978544,0.7102289249499639,0.62538842856884,-0.0848404963811239,0.2897636592388153,-1.809453010559082,2.0442891120910645,0,complete
combined_component_loco,combined_component_loco_fold_2,29,M1,DBP1|DBP3|DBP48,DBP35|DBP5|DBP6|DBP9,1536,0.8672737999877427,0.7063222775856653,0.5453966930508614,-0.160925584534804,0.8015642166137695,-2.57867693901062,3.7788867950439453,0,complete
combined_component_loco,combined_component_loco_fold_2,29,M1c,DBP1|DBP3|DBP48,DBP35|DBP5|DBP6|DBP9,1536,0.9967770999937784,0.7045774807532629,0.5329285934567451,-0.17164888729651773,2.045161247253418,-3.940277338027954,5.131053447723389,0,complete
combined_component_loco,combined_component_loco_fold_2,29,M2,DBP1|DBP3|DBP48,DBP35|DBP5|DBP6|DBP9,1536,1.090514899988193,0.6971099078655243,0.5296670695145925,-0.16744283835093177,0.5189501047134399,-1.6677396297454834,4.001245021820068,0,complete
combined_component_loco,combined_component_loco_fold_2,29,M3,DBP1|DBP3|DBP48,DBP35|DBP5|DBP6|DBP9,1536,1.7694991000025766,0.7005698879559835,0.5546749830245972,-0.14589490493138635,0.7066277861595154,-4.469114780426025,2.0638489723205566,0,complete
combined_component_loco,combined_component_loco_fold_2,43,M0,DBP1|DBP3|DBP48,DBP35|DBP5|DBP6|DBP9,1536,0.6216349000023911,0.7073619067668915,0.6082007040580114,-0.09916120270888007,0.43102309107780457,-1.8271747827529907,3.746428966522217,0,complete
combined_component_loco,combined_component_loco_fold_2,43,M1,DBP1|DBP3|DBP48,DBP35|DBP5|DBP6|DBP9,1536,0.8614386999979615,0.693051889538765,0.5165138567487398,-0.1765380327900251,1.6896682977676392,0.6857610940933228,9.375422477722168,0,complete
combined_component_loco,combined_component_loco_fold_2,43,M1c,DBP1|DBP3|DBP48,DBP35|DBP5|DBP6|DBP9,1536,1.0213800999918021,0.6975764284531275,0.5135856966177622,-0.1839907318353653,1.1390122175216675,-6.698667049407959,2.76070237159729,0,complete
combined_component_loco,combined_component_loco_fold_2,43,M2,DBP1|DBP3|DBP48,DBP35|DBP5|DBP6|DBP9,1536,0.8956960999930743,0.6918991009394327,0.5225067163507143,-0.16939238458871841,0.5717878937721252,-1.924458384513855,3.015700340270996,0,complete
combined_component_loco,combined_component_loco_fold_2,43,M3,DBP1|DBP3|DBP48,DBP35|DBP5|DBP6|DBP9,1536,1.1345880000008037,0.6879967550436655,0.5085559114813805,-0.17944084356228507,0.9370142817497253,-3.429668426513672,3.8650403022766113,0,complete
combined_component_loco,combined_component_loco_fold_3,17,M0,DBP1|DBP3|DBP35|DBP5|DBP6|DBP9,DBP48,3072,1.2559770999941975,0.6920980115731558,0.6272577370206515,-0.0648402745525043,0.3116868734359741,-2.1035358905792236,2.7094674110412598,0,complete
combined_component_loco,combined_component_loco_fold_3,17,M1,DBP1|DBP3|DBP35|DBP5|DBP6|DBP9,DBP48,3072,1.7373650999943493,0.6940991977850596,0.6169829914967219,-0.07711620628833771,0.37323498725891113,0.22547543048858643,5.004419326782227,0,complete
combined_component_loco,combined_component_loco_fold_3,17,M1c,DBP1|DBP3|DBP35|DBP5|DBP6|DBP9,DBP48,3072,1.8724732999980915,0.6963653564453125,0.616532397766908,-0.07983295867840445,0.3809351325035095,-3.0652222633361816,1.2718759775161743,0,complete
combined_component_loco,combined_component_loco_fold_3,17,M2,DBP1|DBP3|DBP35|DBP5|DBP6|DBP9,DBP48,3072,1.8702691000071354,0.6943297311663628,0.6343707715471586,-0.059958959619204166,0.23300184309482574,-0.8891324400901794,2.480799913406372,0,complete
combined_component_loco,combined_component_loco_fold_3,17,M3,DBP1|DBP3|DBP35|DBP5|DBP6|DBP9,DBP48,3072,2.4362934999953723,0.696598100165526,0.6191815336545309,-0.07741656651099516,0.48349934816360474,-1.3208109140396118,4.017616271972656,0,complete
combined_component_loco,combined_component_loco_fold_3,29,M0,DBP1|DBP3|DBP35|DBP5|DBP6|DBP9,DBP48,3072,1.1750023000058718,0.6938246935606003,0.6101473694046339,-0.0836773241559664,0.43196719884872437,-2.310525417327881,2.4406092166900635,0,complete
combined_component_loco,combined_component_loco_fold_3,29,M1,DBP1|DBP3|DBP35|DBP5|DBP6|DBP9,DBP48,3072,1.7040092999959597,0.6946826378504435,0.6380972738067309,-0.056585364043712616,0.30869853496551514,0.642021656036377,4.428836822509766,0,complete
combined_component_loco,combined_component_loco_fold_3,29,M1c,DBP1|DBP3|DBP35|DBP5|DBP6|DBP9,DBP48,3072,1.8615314000053331,0.6946106627583504,0.613248015443484,-0.08136264731486642,0.49870800971984863,-2.205742120742798,2.3155152797698975,0,complete
combined_component_loco,combined_component_loco_fold_3,29,M2,DBP1|DBP3|DBP35|DBP5|DBP6|DBP9,DBP48,3072,1.9334077999956207,0.6924652978777885,0.6138269479076067,-0.07863834997018182,0.31048280000686646,-2.357370376586914,2.372854709625244,0,complete
combined_component_loco,combined_component_loco_fold_3,29,M3,DBP1|DBP3|DBP35|DBP5|DBP6|DBP9,DBP48,3072,2.3644303000037326,0.6960944061477979,0.5962630386153857,-0.09983136753241229,0.8099257349967957,-2.507901668548584,4.615332126617432,0,complete
combined_component_loco,combined_component_loco_fold_3,43,M0,DBP1|DBP3|DBP35|DBP5|DBP6|DBP9,DBP48,3072,0.9174585000000661,0.6858663956324259,0.6015829940636953,-0.0842834015687306,0.520882785320282,-3.738591194152832,3.364488124847412,0,complete
combined_component_loco,combined_component_loco_fold_3,43,M1,DBP1|DBP3|DBP35|DBP5|DBP6|DBP9,DBP48,3072,1.5111277000105474,0.6924928277730942,0.618313804268837,-0.0741790235042572,0.32866740226745605,0.19879168272018433,4.61616325378418,0,complete
combined_component_loco,combined_component_loco_fold_3,43,M1c,DBP1|DBP3|DBP35|DBP5|DBP6|DBP9,DBP48,3072,1.9030362000048626,0.6895813619097074,0.5931130920847257,-0.09646826982498169,0.5430125594139099,-1.7117748260498047,4.104846000671387,0,complete
combined_component_loco,combined_component_loco_fold_3,43,M2,DBP1|DBP3|DBP35|DBP5|DBP6|DBP9,DBP48,3072,2.320841599997948,0.6901430686314901,0.6005473559101423,-0.08959571272134781,0.47748255729675293,-2.812441349029541,3.8021459579467773,0,complete
combined_component_loco,combined_component_loco_fold_3,43,M3,DBP1|DBP3|DBP35|DBP5|DBP6|DBP9,DBP48,3072,2.567836599992006,0.6918625086545944,0.6029124036431313,-0.08895010501146317,0.6519303321838379,-2.802621603012085,4.929161071777344,0,complete
