model,epoch,mean_pairwise_loss,reported_model
M0_CandidateDNAOnly,1,0.7023903846740722,M0_CandidateDNAOnly
M0_CandidateDNAOnly,2,0.6930397123098373,M0_CandidateDNAOnly
M0_CandidateDNAOnly,3,0.6895660132169723,M0_CandidateDNAOnly
M0_CandidateDNAOnly,4,0.6851651102304459,M0_CandidateDNAOnly
M0_CandidateDNAOnly,5,0.6793024688959122,M0_CandidateDNAOnly
M0_CandidateDNAOnly,6,0.6726452142000199,M0_CandidateDNAOnly
M0_CandidateDNAOnly,7,0.6719654858112335,M0_CandidateDNAOnly
M0_CandidateDNAOnly,8,0.6637650609016419,M0_CandidateDNAOnly
M0_CandidateDNAOnly,9,0.6632367372512817,M0_CandidateDNAOnly
M0_CandidateDNAOnly,10,0.6618962496519089,M0_CandidateDNAOnly
M0_CandidateDNAOnly,11,0.662010806798935,M0_CandidateDNAOnly
M0_CandidateDNAOnly,12,0.6600032985210419,M0_CandidateDNAOnly
M0_CandidateDNAOnly,13,0.655725559592247,M0_CandidateDNAOnly
M0_CandidateDNAOnly,14,0.6519867509603501,M0_CandidateDNAOnly
M0_CandidateDNAOnly,15,0.6492051005363464,M0_CandidateDNAOnly
M0_CandidateDNAOnly,16,0.6456787705421447,M0_CandidateDNAOnly
M0_CandidateDNAOnly,17,0.6500696837902069,M0_CandidateDNAOnly
M0_CandidateDNAOnly,18,0.6449558466672898,M0_CandidateDNAOnly
M1_ProteinCandidate,1,0.703576636314392,M1_ProteinCandidate
M1_ProteinCandidate,2,0.695360180735588,M1_ProteinCandidate
M1_ProteinCandidate,3,0.6949714481830597,M1_ProteinCandidate
M1_ProteinCandidate,4,0.6927435159683227,M1_ProteinCandidate
M1_ProteinCandidate,5,0.691568574309349,M1_ProteinCandidate
M1_ProteinCandidate,6,0.6890976697206497,M1_ProteinCandidate
M1_ProteinCandidate,7,0.6488789990544319,M1_ProteinCandidate
M1_ProteinCandidate,8,0.6449308186769486,M1_ProteinCandidate
M1_ProteinCandidate,9,0.6721868440508842,M1_ProteinCandidate
M1_ProteinCandidate,10,0.6612570464611054,M1_ProteinCandidate
M1_ProteinCandidate,11,0.6555559769272804,M1_ProteinCandidate
M1_ProteinCandidate,12,0.6355519667267799,M1_ProteinCandidate
M1_ProteinCandidate,13,0.6130536690354347,M1_ProteinCandidate
M1_ProteinCandidate,14,0.6090648338198662,M1_ProteinCandidate
M1_ProteinCandidate,15,0.5958276435732841,M1_ProteinCandidate
M1_ProteinCandidate,16,0.5905144184827804,M1_ProteinCandidate
M1_ProteinCandidate,17,0.5850980401039123,M1_ProteinCandidate
M1_ProteinCandidate,18,0.5830548167228699,M1_ProteinCandidate
M2_TargetCandidateOnly,1,0.7091497600078582,M2_TargetCandidateOnly
M2_TargetCandidateOnly,2,0.6948148488998414,M2_TargetCandidateOnly
M2_TargetCandidateOnly,3,0.690699788928032,M2_TargetCandidateOnly
M2_TargetCandidateOnly,4,0.6816155672073364,M2_TargetCandidateOnly
M2_TargetCandidateOnly,5,0.6757380306720734,M2_TargetCandidateOnly
M2_TargetCandidateOnly,6,0.6751840353012085,M2_TargetCandidateOnly
M2_TargetCandidateOnly,7,0.6703756183385849,M2_TargetCandidateOnly
M2_TargetCandidateOnly,8,0.668151393532753,M2_TargetCandidateOnly
M2_TargetCandidateOnly,9,0.6620637506246567,M2_TargetCandidateOnly
M2_TargetCandidateOnly,10,0.639690425992012,M2_TargetCandidateOnly
M2_TargetCandidateOnly,11,0.6286103323101997,M2_TargetCandidateOnly
M2_TargetCandidateOnly,12,0.6390549302101135,M2_TargetCandidateOnly
M2_TargetCandidateOnly,13,0.6382646575570107,M2_TargetCandidateOnly
M2_TargetCandidateOnly,14,0.6309419423341751,M2_TargetCandidateOnly
M2_TargetCandidateOnly,15,0.6244354143738746,M2_TargetCandidateOnly
M2_TargetCandidateOnly,16,0.6318137437105179,M2_TargetCandidateOnly
M2_TargetCandidateOnly,17,0.6707368314266204,M2_TargetCandidateOnly
M2_TargetCandidateOnly,18,0.6551348060369492,M2_TargetCandidateOnly
M3_ProteinTargetCandidate,1,0.7100765734910965,M3_ProteinTargetCandidate
M3_ProteinTargetCandidate,2,0.6940629929304123,M3_ProteinTargetCandidate
M3_ProteinTargetCandidate,3,0.6926128774881363,M3_ProteinTargetCandidate
M3_ProteinTargetCandidate,4,0.6886090934276581,M3_ProteinTargetCandidate
M3_ProteinTargetCandidate,5,0.6859812498092651,M3_ProteinTargetCandidate
M3_ProteinTargetCandidate,6,0.6776221513748169,M3_ProteinTargetCandidate
M3_ProteinTargetCandidate,7,0.6790449917316437,M3_ProteinTargetCandidate
M3_ProteinTargetCandidate,8,0.6726003378629685,M3_ProteinTargetCandidate
M3_ProteinTargetCandidate,9,0.666438975930214,M3_ProteinTargetCandidate
M3_ProteinTargetCandidate,10,0.6469811931252479,M3_ProteinTargetCandidate
M3_ProteinTargetCandidate,11,0.6513520643115044,M3_ProteinTargetCandidate
M3_ProteinTargetCandidate,12,0.6602914124727249,M3_ProteinTargetCandidate
M3_ProteinTargetCandidate,13,0.6303575888276101,M3_ProteinTargetCandidate
M3_ProteinTargetCandidate,14,0.6189682081341743,M3_ProteinTargetCandidate
M3_ProteinTargetCandidate,15,0.6209022313356399,M3_ProteinTargetCandidate
M3_ProteinTargetCandidate,16,0.6107090547680855,M3_ProteinTargetCandidate
M3_ProteinTargetCandidate,17,0.6085826575756073,M3_ProteinTargetCandidate
M3_ProteinTargetCandidate,18,0.6050061210989952,M3_ProteinTargetCandidate
M1_ProteinCandidate,1,0.712468883395195,M1c_ProteinCandidateCapacityMatched
M1_ProteinCandidate,2,0.700954270362854,M1c_ProteinCandidateCapacityMatched
M1_ProteinCandidate,3,0.6953654617071152,M1c_ProteinCandidateCapacityMatched
M1_ProteinCandidate,4,0.6943192839622497,M1c_ProteinCandidateCapacityMatched
M1_ProteinCandidate,5,0.6935993999242782,M1c_ProteinCandidateCapacityMatched
M1_ProteinCandidate,6,0.670808470249176,M1c_ProteinCandidateCapacityMatched
M1_ProteinCandidate,7,0.6510139614343643,M1c_ProteinCandidateCapacityMatched
M1_ProteinCandidate,8,0.648944266140461,M1c_ProteinCandidateCapacityMatched
M1_ProteinCandidate,9,0.6543117552995682,M1c_ProteinCandidateCapacityMatched
M1_ProteinCandidate,10,0.6383852779865264,M1c_ProteinCandidateCapacityMatched
M1_ProteinCandidate,11,0.636336687207222,M1c_ProteinCandidateCapacityMatched
M1_ProteinCandidate,12,0.6195824488997459,M1c_ProteinCandidateCapacityMatched
M1_ProteinCandidate,13,0.6236646935343743,M1c_ProteinCandidateCapacityMatched
M1_ProteinCandidate,14,0.6179454818367958,M1c_ProteinCandidateCapacityMatched
M1_ProteinCandidate,15,0.5940001681447029,M1c_ProteinCandidateCapacityMatched
M1_ProteinCandidate,16,0.5879344254732132,M1c_ProteinCandidateCapacityMatched
M1_ProteinCandidate,17,0.5894889160990715,M1c_ProteinCandidateCapacityMatched
M1_ProteinCandidate,18,0.5828441068530082,M1c_ProteinCandidateCapacityMatched
