dbp_id,target_similarity_bin,bin_lower_threshold,bin_upper_threshold,model,spearman,n_rc_classes,bin_definition
DBP1,high,0.1111111111111111,0.25,M1c,0.579125108971485,1923,per-protein target-kmer-overlap tertiles fixed before outcome inspection
DBP1,high,0.1111111111111111,0.25,M2,0.0039249061041462365,1923,per-protein target-kmer-overlap tertiles fixed before outcome inspection
DBP1,high,0.1111111111111111,0.25,M3,0.047244503065890654,1923,per-protein target-kmer-overlap tertiles fixed before outcome inspection
DBP1,low,0.1111111111111111,0.25,M1c,0.36301170863860815,2794,per-protein target-kmer-overlap tertiles fixed before outcome inspection
DBP1,low,0.1111111111111111,0.25,M2,-0.19234792308889137,2794,per-protein target-kmer-overlap tertiles fixed before outcome inspection
DBP1,low,0.1111111111111111,0.25,M3,-0.14181553304389616,2794,per-protein target-kmer-overlap tertiles fixed before outcome inspection
DBP1,medium,0.1111111111111111,0.25,M1c,0.4467821100520668,3475,per-protein target-kmer-overlap tertiles fixed before outcome inspection
DBP1,medium,0.1111111111111111,0.25,M2,-0.05280617841549155,3475,per-protein target-kmer-overlap tertiles fixed before outcome inspection
DBP1,medium,0.1111111111111111,0.25,M3,-0.024402056365753984,3475,per-protein target-kmer-overlap tertiles fixed before outcome inspection
DBP3,high,0.1111111111111111,0.25,M1c,0.08855516074363971,1923,per-protein target-kmer-overlap tertiles fixed before outcome inspection
DBP3,high,0.1111111111111111,0.25,M2,0.22283481104835784,1923,per-protein target-kmer-overlap tertiles fixed before outcome inspection
DBP3,high,0.1111111111111111,0.25,M3,0.18224778461753371,1923,per-protein target-kmer-overlap tertiles fixed before outcome inspection
DBP3,low,0.1111111111111111,0.25,M1c,0.07296588638801403,2794,per-protein target-kmer-overlap tertiles fixed before outcome inspection
DBP3,low,0.1111111111111111,0.25,M2,0.08994109063048754,2794,per-protein target-kmer-overlap tertiles fixed before outcome inspection
DBP3,low,0.1111111111111111,0.25,M3,0.06592223566916335,2794,per-protein target-kmer-overlap tertiles fixed before outcome inspection
DBP3,medium,0.1111111111111111,0.25,M1c,0.17199398100074806,3475,per-protein target-kmer-overlap tertiles fixed before outcome inspection
DBP3,medium,0.1111111111111111,0.25,M2,0.22811005887594502,3475,per-protein target-kmer-overlap tertiles fixed before outcome inspection
DBP3,medium,0.1111111111111111,0.25,M3,0.1915259990129904,3475,per-protein target-kmer-overlap tertiles fixed before outcome inspection
DBP35,high,0.0,0.16666666666666666,M1c,0.057598387180631906,2422,per-protein target-kmer-overlap tertiles fixed before outcome inspection
DBP35,high,0.0,0.16666666666666666,M2,0.21127952366022956,2422,per-protein target-kmer-overlap tertiles fixed before outcome inspection
DBP35,high,0.0,0.16666666666666666,M3,0.14069282148389936,2422,per-protein target-kmer-overlap tertiles fixed before outcome inspection
DBP35,low,0.0,0.16666666666666666,M1c,-0.162411424594052,3008,per-protein target-kmer-overlap tertiles fixed before outcome inspection
DBP35,low,0.0,0.16666666666666666,M2,-0.04337742075903343,3008,per-protein target-kmer-overlap tertiles fixed before outcome inspection
DBP35,low,0.0,0.16666666666666666,M3,0.2287798917692784,3008,per-protein target-kmer-overlap tertiles fixed before outcome inspection
DBP35,medium,0.0,0.16666666666666666,M1c,0.0033165405073224256,2762,per-protein target-kmer-overlap tertiles fixed before outcome inspection
DBP35,medium,0.0,0.16666666666666666,M2,0.14779014520084988,2762,per-protein target-kmer-overlap tertiles fixed before outcome inspection
DBP35,medium,0.0,0.16666666666666666,M3,0.1542600501877233,2762,per-protein target-kmer-overlap tertiles fixed before outcome inspection
DBP48,high,0.1111111111111111,0.25,M1c,-0.2498510195091311,1845,per-protein target-kmer-overlap tertiles fixed before outcome inspection
DBP48,high,0.1111111111111111,0.25,M2,-0.16565184475977296,1845,per-protein target-kmer-overlap tertiles fixed before outcome inspection
DBP48,high,0.1111111111111111,0.25,M3,-0.2267286229550719,1845,per-protein target-kmer-overlap tertiles fixed before outcome inspection
DBP48,low,0.1111111111111111,0.25,M1c,-0.03288559119538841,3558,per-protein target-kmer-overlap tertiles fixed before outcome inspection
DBP48,low,0.1111111111111111,0.25,M2,-0.031213470449235795,3558,per-protein target-kmer-overlap tertiles fixed before outcome inspection
DBP48,low,0.1111111111111111,0.25,M3,-0.09396390837501195,3558,per-protein target-kmer-overlap tertiles fixed before outcome inspection
DBP48,medium,0.1111111111111111,0.25,M1c,-0.12875802757039737,2789,per-protein target-kmer-overlap tertiles fixed before outcome inspection
DBP48,medium,0.1111111111111111,0.25,M2,-0.06392537805337892,2789,per-protein target-kmer-overlap tertiles fixed before outcome inspection
DBP48,medium,0.1111111111111111,0.25,M3,-0.15566814517396377,2789,per-protein target-kmer-overlap tertiles fixed before outcome inspection
DBP5,high,0.0,0.16666666666666666,M1c,0.10467970908475119,2422,per-protein target-kmer-overlap tertiles fixed before outcome inspection
DBP5,high,0.0,0.16666666666666666,M2,0.022531379793228303,2422,per-protein target-kmer-overlap tertiles fixed before outcome inspection
DBP5,high,0.0,0.16666666666666666,M3,0.35028582892516746,2422,per-protein target-kmer-overlap tertiles fixed before outcome inspection
DBP5,low,0.0,0.16666666666666666,M1c,-0.07957597102079284,3008,per-protein target-kmer-overlap tertiles fixed before outcome inspection
DBP5,low,0.0,0.16666666666666666,M2,-0.13795808835181914,3008,per-protein target-kmer-overlap tertiles fixed before outcome inspection
DBP5,low,0.0,0.16666666666666666,M3,0.356943373726891,3008,per-protein target-kmer-overlap tertiles fixed before outcome inspection
DBP5,medium,0.0,0.16666666666666666,M1c,0.08843020738224741,2762,per-protein target-kmer-overlap tertiles fixed before outcome inspection
DBP5,medium,0.0,0.16666666666666666,M2,-0.0037057387496448988,2762,per-protein target-kmer-overlap tertiles fixed before outcome inspection
DBP5,medium,0.0,0.16666666666666666,M3,0.30780629384908054,2762,per-protein target-kmer-overlap tertiles fixed before outcome inspection
DBP6,high,0.0,0.16666666666666666,M1c,0.025864498899963104,2422,per-protein target-kmer-overlap tertiles fixed before outcome inspection
DBP6,high,0.0,0.16666666666666666,M2,0.08012037516256638,2422,per-protein target-kmer-overlap tertiles fixed before outcome inspection
DBP6,high,0.0,0.16666666666666666,M3,0.10633746762844624,2422,per-protein target-kmer-overlap tertiles fixed before outcome inspection
DBP6,low,0.0,0.16666666666666666,M1c,-0.15210288433622277,3008,per-protein target-kmer-overlap tertiles fixed before outcome inspection
DBP6,low,0.0,0.16666666666666666,M2,-0.06030316905881852,3008,per-protein target-kmer-overlap tertiles fixed before outcome inspection
DBP6,low,0.0,0.16666666666666666,M3,-0.050346883127943456,3008,per-protein target-kmer-overlap tertiles fixed before outcome inspection
DBP6,medium,0.0,0.16666666666666666,M1c,0.02125732073968884,2762,per-protein target-kmer-overlap tertiles fixed before outcome inspection
DBP6,medium,0.0,0.16666666666666666,M2,0.09902326171302485,2762,per-protein target-kmer-overlap tertiles fixed before outcome inspection
DBP6,medium,0.0,0.16666666666666666,M3,0.10531195528527366,2762,per-protein target-kmer-overlap tertiles fixed before outcome inspection
DBP9,high,0.0,0.16666666666666666,M1c,0.08341398236163913,2422,per-protein target-kmer-overlap tertiles fixed before outcome inspection
DBP9,high,0.0,0.16666666666666666,M2,0.034433036531251716,2422,per-protein target-kmer-overlap tertiles fixed before outcome inspection
DBP9,high,0.0,0.16666666666666666,M3,0.02660714537040942,2422,per-protein target-kmer-overlap tertiles fixed before outcome inspection
DBP9,low,0.0,0.16666666666666666,M1c,0.21200201423140966,3008,per-protein target-kmer-overlap tertiles fixed before outcome inspection
DBP9,low,0.0,0.16666666666666666,M2,0.15586204416933028,3008,per-protein target-kmer-overlap tertiles fixed before outcome inspection
DBP9,low,0.0,0.16666666666666666,M3,0.12120952299765135,3008,per-protein target-kmer-overlap tertiles fixed before outcome inspection
DBP9,medium,0.0,0.16666666666666666,M1c,0.23675064680318933,2762,per-protein target-kmer-overlap tertiles fixed before outcome inspection
DBP9,medium,0.0,0.16666666666666666,M2,0.17876119421839406,2762,per-protein target-kmer-overlap tertiles fixed before outcome inspection
DBP9,medium,0.0,0.16666666666666666,M3,0.14230229699292282,2762,per-protein target-kmer-overlap tertiles fixed before outcome inspection
